Title,Year,Sample Name,Pt Content wt/%,Zn Content wt.,Mn Cotent wt.,Cu Cotent wt/%,Co Cotent wt.,Cr Content wt.,Fe Cotent wt.(ICP for metal),N Content at.,O Content at.,S Content at.,Pyridinic N+metal N Content at/%,Pyrrolic N Content at/%,Graphitic N Content at/%,Oxidized N Content at/%,pyridinicmetal,pyrrolic,graphitic,oxidized,pyridinic species,qualified pm,pyrrolic species,graphitic species,oxidized species,main metal in precursor (mmol),Fe precursor type name,Fe pre ratio,Second metal in precursor (Co/Ni 脹) (mmol),second metal atomic number,second metal pre ratio,Second metal precursor type name,Zn in precursor (mmol),Zn precursor type,Zn pre ratio,2-methylimidazole (mmol),2mem pre ratio,ZIF preparation temperature ⊥,ZIF preparation time h,氝樓撙 mmol,氝樓撙 type,additive pre ratio,one-pot,second-adsorb,carbon adsorb,diameter/nm,Pyrolysis Temperature in amonia /⊥,Pyrolysis Time amonia/h,Pyrolysis Temperature in inert atomosphere/⊥,Pyrolysis Time inert/h,Rising Rate ⊥/min,Acid Wash (1 for yes 0 for no),Acid concentration (M),Acid wash temperature/⊥,Acid wash time/h,Second Pyrolysis temperature /⊥,Second Pyrolysis time /h,second pyrolysis,Raman,BET Surface Area m2/g,Micropore ratio,Mesopore ratio,Macropore ratio,Onset Potential in Acid Condition (vs. RHE),Half Wave Potential in Acid Condition (vs. RHE),Limiting current,rotating,catalyst loading on RDE/RRDE(mg/cm2),Durability in O2 mV/10000Cycle,qualified
Atomic Fe-Doped MOF-Derived Carbon Polyhedrons with High Active-Center Density and Ultra-High Performance toward PEM Fuel Cells,2019,C-Fe-ZIF-1.44-950,0,0,0,0,0,0,0.01,0.0551,,0,0.0278,0.0051,0.01653,0.0051,0.509811113,0.093526499,0.303135889,0.093526499,0.028090592,1,0.00515331,0.016702787,0.00028101,,ferrocene,0.001,0,0,0,none,2.7137,Zn(NO3)2﹞6H2O,0.069132337,36.54,0.930867663,25,24,0,none,0,0,0,1,399,25,0,950,3,5,1,1,80,12,950,3,0,,1255,0.36408,0.63592,0,0.91,0.78,5.98,1600,0.5,,0
Atomically dispersed manganese catalysts for oxygen reduction in proton-exchange membrane fuel cells,2018,20Mn-NC,0,0,0.0133,0,0,0,0,0.022,0.011,0,0.42,0,0.48,0.1,0.42,0,0.48,0.1,0.00924,0,0,0.01056,0.0022,0,none,0,8,25,0.0625,Mn,40,Zn(NO3)2﹞6H2O,0.3125,80,0.625,120,24,0,none,0,1,0,0,50,25,0,1100,1,,0,0,25,0,25,0,0,1.38,699,0.447,0.384,0.169,0.85,0.675,3.4,900,0.8,,0
Atomically dispersed manganese catalysts for oxygen reduction in proton-exchange membrane fuel cells,2018,20Mn-NC-first,0,0,0.0068,0,0,0,0,0.022,0.011,0,0.355,0,0.555,0.096,0.352882704,0,0.551689861,0.095427435,0.007763419,0,0,0.012137177,0.002112,0,none,0,8,25,0.0625,Mn,40,Zn(NO3)2﹞6H2O,0.3125,80,0.625,120,24,0,none,0,1,0,0,50,25,0,1100,1,,1,1,80,5,25,0,0,1.34,821,0.443,0.355,0.202,0.85,0.654,3.75,900,0.8,,0
Atomically dispersed manganese catalysts for oxygen reduction in proton-exchange membrane fuel cells,2018,20Mn-NC-second,0,0,0.0303,0,0,0,0,0.013,0.011,0,0.0039,0,0.0078,0.001248,0.301204819,0,0.602409639,0.096385542,0.003915663,0,0,0.007831325,0.000016224,0,none,0,8,25,0.047619048,Mn,40,Zn(NO3)2﹞6H2O,0.238095238,80,0.476190476,120,24,40,cyanamide,0.238095238,0,0,1,50,25,0,1100,1,,1,1,80,5,900,3,0,1.28,658,0.21283,0.52152,0.26565,1,0.8,3.2,900,0.8,10,0
Bimetallic-organic framework-derived hierarchically porous Co-Zn-N-C as efficient catalyst for acidic oxygen reduction reaction,2019,HC-5Co95Zn,0,0.0125,0,0,0.0252,0,0,0.0311,0.1664,0,0.02065,0.00081,0.00843,0.00121,0.663987138,0.026045016,0.271061093,0.038906752,0.02065,1,0.00081,0.00843,0.000037631,0,none,0,0.125,27,0.004537205,Co(NO3)2﹞H2O,2.375,Zn(NO3)2﹞6H2O,0.086206897,25,0.907441016,40,24,0.05,P123,0.001814882,1,0,0,20,25,0,900,3,5,0,0,25,0,25,0,0,1.02,1539,0,0.55081,0.44919,0.88,0.78,5.2,1600,0.1,,0
Controllable synthesis of CoN3 catalysts derived from Co/Zn-ZIF-67 for electrocatalytic oxygen reduction in acidic electrolytes,2019,CoN3@NC-7-1000,0,0,0,0,,0,0,0.0567,,0,0.44,0.45609,0.10334,0,0.440250943,0.45635012,0.103398937,0,0.024962228,1,0.025875052,0.00586272,0,0,none,0,2.06,27,0.013795875,Co(NO3)2﹞H2O,27.29,Zn(NO3)2﹞6H2O,0.182761854,119.97,0.803442272,25,0.25,0,none,0,1,0,0,1750,25,0,1000,2,5,0,0,25,0,25,0,0,0.98,1037,1,0,0,0.82,0.72,5.5,1600,0.58,,0
Design of N Coordinated Dual-Metal Sites: A Stable and Active PtFree Catalyst for Acidic Oxygen Reduction Reaction,2017,"(Fe,Co)N-C",0,0,0,0,0.0117,0,0.0093,0.09069,,0,0.25529,0.52344,0.22127,0,0.25529,0.52344,0.22127,0,0.02315225,1,0.047470774,0.020066976,0,1.87,FeCl3,0.14247619,1.87,27,0.14247619,Co(NO3),1.87,Zn(NO3)2﹞6H2O,0.14247619,7.515,0.572571429,25,6,0,none,0,1,0,0,650,25,0,900,2,5,0,0,25,0,25,0,1,,,,,,1.06,0.863,5.9,1600,1.095,,1
Environmental-Friendly Solid Synthesis of Fe-N-C Electrocatalyst with Fe Exclusively in Atomically Dispersed Fe-N4 Moieties for High-Power Proton Exchange Membrane Fuel Cells,2017,Fe2-Z8-C,0,0,0,0,0,0,0.03,0.0567,,0,0.42,0.18,0.175,0.225,0.42,0.18,0.175,0.225,0.023814,1,0.010206,0.0099225,0.0127575,0.062,FeAc,0.000954404,0,0,0,none,7.9,Zno,0.121609556,57,0.87743604,220,18,0,none,0,1,0,0,130,25,0,1000,2,10,0,0,25,0,25,0,0,1.26,1264.9,0.91894,0.08106,0,0.902,0.805,5.5,1600,0.4,,0
Environmental-Friendly Solid Synthesis of Fe-N-C Electrocatalyst with Fe Exclusively in Atomically Dispersed Fe-N4 Moieties for High-Power Proton Exchange Membrane Fuel Cells,2017,Z8-Fe2-C,0,0,0,0,0,0,0.03,0.0567,,0,0.36,0.2,0.18,0.25,0.363636364,0.202020202,0.181818182,0.252525253,0.020618182,1,0.011454545,0.010309091,0.014175,0.062,FeAc,0.00326775,0,0,0,none,4.4168,Zn(NO3)2﹞6H2O,0.23279029,14.4945,0.763941961,25,24,0,none,0,0,1,0,1000,25,0,1000,2,10,0,0,25,0,25,0,0,,,,,,0.85,0.76,5.5,1600,0.4,,0
g-C3N4 promoted MOF derived hollow carbon nanopolyhedra doped with high density/fraction of single Fe atoms as an ultra-high performance nonprecious catalyst towards acidic ORR and PEM fuel cells,2019,C-FeHZ8@g-C3N4-950,0,0,0,0,0,0,0.0317,0.0657,,0,0.035,0.0053,0.0208,0.0046,0.532724505,0.080669711,0.316590563,0.070015221,0.035,1,0.0053,0.0208,0.00030222,,Fe(acac)2,,0,0,0,none,3.3614,Zn(NO3)3.6H2O,0.043780542,48.721,0.634566493,25,24,24.696,g-C3N4,0.321652965,0,1,0,300,25,0,950,3,2,1,1,25,12,950,3,0,1.03,754,0,0.20057,0.79943,0.9,0.78,5.3,1600,0.5,,0
Hierarchically Ordered Porous Carbon with Atomically Dispersed FeN4 for Ultraefficient Oxygen Reduction Reaction in Proton-Exchange Membrane Fuel Cells,2020,FeN4/C,0,0.0258,0,0,0,0,0.0147,0.0454,0.0244,0,0.01126,0,0.02061,0.01353,0.248017621,0,0.453964758,0.298017621,0.01126,0,0,0.02061,0.000614262,,Fe no3,,0,0,0,none,0.02,,0.170940171,0.097,0.829059829,25,24,0,none,0,1,0,0,868,25,0,1000,2,,0,0,25,0,25,0,0,2.38,757.37,0.2,0.8,0,0.9,0.8,4.2,1600,,,0
Hierarchically Ordered Porous Carbon with Atomically Dispersed FeN4 for Ultraefficient Oxygen Reduction Reaction in Proton-Exchange Membrane Fuel Cells,2020,FeN4/CHOPC,0,0.0247,0,0,0,0,0.0146,0.0535,0.0287,0,0.24,0,0.44,0.314,0.241448692,0,0.442655936,0.315895372,0.012917505,0,0,0.023682093,0.016799,,Fe no3,,0,0,0,none,0.02,,0.170940171,0.097,0.829059829,25,24,0,none,0,1,0,0,868,25,0,1000,2,,0,0,25,0,25,0,0,,1483.2,0.8,0.2,0,0.86,0.72,4.8,1600,,,0
Highly active atomically dispersed CoN4 fuel cell cathode catalysts derived from surfactant-assisted MOFs: carbon-shell confinement strategy,2018,Co-N-C without surfactant,0,0,0,0,0.042,0,0,0.061,0.021,0,0.38,0,0.445,0.185,0.376237624,0,0.440594059,0.183168317,0.022950495,1,0,0.026876238,0.011285,4,,0.076923077,0,0,0,none,9,,0.173076923,39,0.75,60,0.5,0,none,0,1,0,0,850,25,0,900,3,30,1,2,50,5,25,0,0,1.44,324,0.52,0.35,0.13,0.93,0.79,3.68,900,0.8,,0
Highly active atomically dispersed CoN4 fuel cell cathode catalysts derived from surfactant-assisted MOFs: carbon-shell confinement strategy,2018,Co-N-C @SDS,0,0,0,0,0.048,0,0,0.074,0.065,0,0.453,0,0.412,0.135,0.453,0,0.412,0.135,0.033522,1,0,0.030488,0.00999,4,,0.072111051,0,0,0,none,9,,0.162249865,39,0.703082747,60,0.5,3.47,SDS,0.062556337,1,0,0,720,25,0,900,3,30,1,2,50,5,25,0,0,1.49,479,0.65,0.16,0.19,0.93,0.81,3.7,900,0.8,,0
Highly active atomically dispersed CoN4 fuel cell cathode catalysts derived from surfactant-assisted MOFs: carbon-shell confinement strategy,2018,Co-N-C @CTAB,0,0,0,0,0.05636,0,0,0.048,0.055,0,0.432,0,0.44,0.127,0.432432432,0,0.44044044,0.127127127,0.020756757,1,0,0.021141141,0.006096,4,,0.073072707,0,0,0,none,9,,0.164413592,39,0.712458897,60,0.5,2.74,CTAB,0.050054805,1,0,0,420,25,0,900,3,30,1,2,50,5,25,0,0,1.5,500,0.71,0.07,0.22,0.93,0.82,3.7,900,0.8,,1
Highly active atomically dispersed CoN4 fuel cell cathode catalysts derived from surfactant-assisted MOFs: carbon-shell confinement strategy,2018,Co-N-C @PVP,0,0,0,0,0.05314,0,0,0.056,0.073,0,0.485,0,0.36,0.244,0.445362718,0,0.330578512,0.22405877,0.024940312,1,0,0.018512397,0.013664,4,,0.076886112,0,0,0,none,9,,0.172993753,39,0.749639596,60,0.5,0.025,PVP,0.000480538,1,0,0,100,25,0,900,3,30,1,2,50,5,25,0,0,1.48,426,0.27,0.13,0.6,0.93,0.82,3.7,900,0.8,,1
Highly active atomically dispersed CoN4 fuel cell cathode catalysts derived from surfactant-assisted MOFs: carbon-shell confinement strategy,2018,Co-N-C@F127,0,0.024,0,0,0.062,0,0,0.091,0.024,0,0.033642,,0.034843,0.001684,0.479442489,0,0.496558309,0.023999202,0.043629266,1,0,0.045186806,0.000153244,4,,0.07680639,0,0,0,none,9,,0.172814378,39,0.748862305,60,0.5,0.079,F127,0.001516926,1,0,0,250,25,0,900,3,30,1,2,50,5,25,0,0,1.52,825,0.94,0.01,0.05,0.93,0.84,3.9,900,0.8,13.3,1
"Highly Efficient Fe-N-C Electrocatalyst for Oxygen Reduction Derived from Core-Shell-Structured Fe(OH)3@Zeolitic Imidazolate Framework
Framework",2019,C?Fe(OH)3@ ZIF-1000,0,0,0,0,0,0,0.03,0.0578,,0,0.0235,0.0013,0.0318,0.0011,0.407279029,0.022530329,0.551126516,0.019064125,0.023540728,1,0.001302253,0.031855113,0.00006358,0.8,FeCl3,0.003557105,0,0,0,none,28,Zn(NO3)2﹞6H2O,0.124498671,196.102,0.871944225,25,24,0,none,0,0,1,0,59,25,0,1000,2,5,1,1,80,6,25,0,0,1.03,1021,0.20475,0.61965,0.1756,0.91,0.8,5,1600,0.6,26,0
High-performance fuel cell cathodes exclusively containing atomically dispersed iron active sites,2020,"1,5Fe-ZIF",0,0.01,0,0,0,0,0.021,0.045,,0,0.019,0.0045,0.0016,0.00675,0.596546311,0.141287284,0.050235479,0.211930926,0.026844584,1,0.006357928,0.002260597,0.00030375,0.1695,,0.002850201,0,0,0,none,11.3,,0.190013368,48,0.807136431,60,24,0,none,0,1,0,0,79.935,25,0,1100,1,,0,0,25,0,25,0,0,0.84,640,0.84429,0,0.15571,1,0.88,4.5,900,0.8,7.5,1
Identification of binuclear Co2N5 active sites for oxygen reduction reaction with more than one magnitude higher activity than single atom CoN4 site,2019,Co-N-C-10,0,0,0,0,0.043,0,0,0.0517,0.041,0,0.0264,0.01,0.015,,0.513618677,0.194552529,0.291828794,0,0.026554086,1,0.010058366,0.015087549,0,0,none,0,0.68,27,0.015704388,Co(NO3)2.H2O,6.12,Zn(NO3)2﹞6H2O,0.141339492,36.5,0.84295612,25,24,0,none,0,1,0,0,,25,0,900,1,5,0,0,25,0,25,0,0,1.25,830,0.45982,0.4936,0.04657,0.92,0.79,6,1600,0.4,6,0
Identification of binuclear Co2N5 active sites for oxygen reduction reaction with more than one magnitude higher activity than single atom CoN4 site,2019,Co-N-C-50,0,0,0,0,0.014,0,0,0.067,0.341,0,0.0331,0.0186,0.0152,,0.494768311,0.278026906,0.227204783,0,0.033149477,1,0.018627803,0.01522272,0,0,none,0,3.4,27,0.07852194,Co(NO3)2.H2O,3.4,Zn(NO3)2﹞6H2O,0.07852194,36.5,0.84295612,25,24,0,none,0,1,0,0,,25,0,900,1,5,0,0,25,0,25,0,0,1.25,830,0.28965,0.63437,0.07599,0.88,0.73,5.8,1600,0.4,6,0
Is iron involved in the lack of stability of Fe/N/C electrocatalysts used to reduce oxygen at the cathode of PEM fuel cells?,2016,NC_Ar+NH3,0,0,0,0,0,0,0.0603,0.0482,0.0292,0,0.0242,0.0005,0.0161,0.0074,0.502074689,0.010373444,0.334024896,0.153526971,0.0242,1,0.0005,0.0161,0.00035668,0.3678,FeAc,0.00336749,0,0,0,none,21.3,,0.195017799,85.333,0.781288912,,,2.22,1-10 phen,0.020325799,0,1,0,,25,0,1050,1,,0,0,25,0,950,0.25,1,,731,0.85636,0.14364,0,0.96,0.85,5,1500,0.817,,1
Is iron involved in the lack of stability of Fe/N/C electrocatalysts used to reduce oxygen at the cathode of PEM fuel cells?,2016,MOF_Ar+NH3(5min),0,0,0,0,0,0,0.00055,0.0648,0.0269,0,0.0297,0.0041,0.0238,0.0072,0.458333333,0.063271605,0.367283951,0.111111111,0.0297,1,0.0041,0.0238,0.00046656,0.3678,FeAc,0.00336749,0,0,0,none,21.3,,0.195017799,85.333,0.781288912,,,2.22,1-10 phen,0.020325799,0,1,0,,25,0,1050,1,,0,0,25,0,950,0.083,1,,894,0.94855,0.05145,0,0.88,0.73,5,1500,0.817,,0
Is iron involved in the lack of stability of Fe/N/C electrocatalysts used to reduce oxygen at the cathode of PEM fuel cells?,2016,MOF_Ar+NH3(20min),0,0,0,0,0,0,0.00256,0.0479,0.0163,0,0.0221,0.0014,0.0173,0.0071,0.461377871,0.029227557,0.361169102,0.14822547,0.0221,1,0.0014,0.0173,0.00034009,0.3678,FeAc,0.00336749,0,0,0,none,21.3,,0.195017799,85.333,0.781288912,,,2.22,1-10 phen,0.020325799,0,1,0,,25,0,1050,1,,0,0,25,0,950,0.33,1,,1257,0.88305,0.11695,0,0.88,0.73,5,1500,0.817,,0
Is iron involved in the lack of stability of Fe/N/C electrocatalysts used to reduce oxygen at the cathode of PEM fuel cells?,2016,MOF_Ar+NH3(10min),0,0,0,0,0,0,0.00106,0.0698,0.026,0,0.0309,0.0047,0.023,0.012,0.437677054,0.066572238,0.325779037,0.169971671,0.030549858,1,0.004646742,0.022739377,0.0008376,0.3678,FeAc,0.00336749,0,0,0,none,21.3,,0.195017799,85.333,0.781288912,,,2.22,1-10 phen,0.020325799,0,1,0,,25,0,1050,1,,0,0,25,0,950,0.167,1,,923,0.93391,0.06609,0,0.88,0.73,5,1500,0.817,,0
Is iron involved in the lack of stability of Fe/N/C electrocatalysts used to reduce oxygen at the cathode of PEM fuel cells?,2016,MOF_Phen_Ar+NH3,0,0,0,0,0,0,0.00072,0.0742,0.016,,0.035,0.006,0.0248,0.0084,0.471698113,0.080862534,0.334231806,0.113207547,0.035,1,0.006,0.0248,0.00062328,0.3678,FeAc,0.00336749,0,0,0,none,21.3,,0.195017799,85.333,0.781288912,,,2.22,1-10 phen,0.020325799,0,1,0,,25,0,1050,1,,0,0,25,0,950,0.1,1,,1140,0.95351,0.04649,0,0.83,0.7,4.6,1500,0.817,,0
Networking Pyrolyzed Zeolitic Imidazolate Frameworks by Carbon Nanotubes Improves Conductivity and Enhances Oxygen-Reduction Performance in Polymer-ElectrolyteMembrane Fuel Cells,2017,ZIF'-FA-P,0,0.0032,0,0,0,0,0.0532,0.07432,0.10185,0,,,,,,,,,,1,,,,0.2825,Fe(NO3)3﹞9H2O,0.005570893,0,0,0,none,5.3675,Zn(NO3)2﹞6H2O,0.105846973,45.06,0.888582134,25,24,0,NONE,0,1,0,0,84,25,0,950,2,5,0,0,25,0,25,0,0,,904.5,0.28811,0.71189,0,0.9,0.82,6.25,1600,0.5,,1
Networking Pyrolyzed Zeolitic Imidazolate Frameworks by Carbon Nanotubes Improves Conductivity and Enhances Oxygen-Reduction Performance in Polymer-ElectrolyteMembrane Fuel Cells,2017,ZIF'-CNT-P,0,0.0003,0,0,0,0,0.0509,0.07722,0.11,0,,,,,,,,,,0,,,,0.2825,Fe(NO3)3﹞9H2O,0.004784892,0,0,0,none,5.3675,Zn(NO3)2﹞6H2O,0.09091294,45.06,0.763211382,25,24,8.33,CNT,0.141090786,1,0,0,,25,0,950,2,5,0,0,25,0,25,0,0,,495.99,0.25259,0.74741,0,0.9,0.81,5.5,1600,0.5,,0
Networking Pyrolyzed Zeolitic Imidazolate Frameworks by Carbon Nanotubes Improves Conductivity and Enhances Oxygen-Reduction Performance in Polymer-ElectrolyteMembrane Fuel Cells,2017,ZIF'-P,0,0.0092,0,0,0,0,0.0553,0.07288,0.12901,0,,,,,,,,,,0,,,,0.2825,Fe(NO3)3﹞9H2O,0.005570893,0,0,0,none,5.3675,Zn(NO3)2﹞6H2O,0.105846973,45.06,0.888582134,25,24,0,NONE,0,1,0,0,,25,0,950,2,5,0,0,25,0,25,0,0,,706.3,0.35408,0.64592,0,0.9,0.81,6.5,1600,0.5,,0
Networking Pyrolyzed Zeolitic Imidazolate Frameworks by Carbon Nanotubes Improves Conductivity and Enhances Oxygen-Reduction Performance in Polymer-ElectrolyteMembrane Fuel Cells,2017,ZIF'-FA-CNT-P,0,0.0002,0,0,0,0,0.0518,0.08448,0.09894,0,,,,,,,,,,0,,,,0.2825,Fe(NO3)3﹞9H2O,0.004784892,0,0,0,none,5.3675,Zn(NO3)2﹞6H2O,0.09091294,45.06,0.763211382,25,24,8.33,CNT,0.141090786,1,0,0,,25,0,950,2,5,0,0,25,0,25,0,0,,507.66,0.19964,0.80036,0,0.95,0.8,5.8,1600,0.5,,0
Nitrogen-Coordinated Single Cobalt Atom Catalysts for Oxygen Reduction in Proton Exchange Membrane Fuel Cells,2018,20-Co-NC-1100,0,0,0,0,0.0124,0,0.0172,0.036,0.029,0,0.01271,,0.020232,0.003024,0.353389312,0,0.56253128,0.084079408,0.012722015,0,0,0.020251126,0.000108864,6,Co,0.032258065,0,0,0,none,20,Zn(NO3)2﹞6H2O,0.107526882,160,0.860215054,25,24,0,none,0,1,0,0,51.76,25,0,1100,1,,0,0,25,0,25,0,0,0.95,565,0.14338,0.54014,0.31649,0.93,0.8,4,900,0.8,30,0
Seeded growth of branched ironenitrogen-doped carbon nanotubes as a high performance and durable non-precious fuel cell cathode,2020,Fe-ZIF',0,0,0,0,0,0,,,,0,,,,,,,,,,0,,,,0.2,Fe(acac)3,0.019607843,0,0,0,none,2,Zn(NO3)2﹞6H2O,0.196078431,8,0.784313725,120,4,0,none,0,1,0,0,,25,0,900,3,,0,0,25,0,25,0,0,,980,0.29,0.71,0,0.89,0.765,6,1600,0.4,,0
Seeded growth of branched ironenitrogen-doped carbon nanotubes as a high performance and durable non-precious fuel cell cathode,2020,Fe-ZIF＊/CNT-1,0,0,0,0,0,0,0.049,0.033,,0,,,,,,,,,,0,,,,0.1,Fe(acac)3,0.00990099,0,0,0,none,1,Zn(NO3)2﹞6H2O,0.099009901,4,0.396039604,120,4,5,CNT,0.495049505,1,0,0,,25,0,900,3,,0,0,25,0,25,0,0,,626,0.22,0.78,0,0.89,0.77,5.5,1600,0.4,,0
Seeded growth of branched ironenitrogen-doped carbon nanotubes as a high performance and durable non-precious fuel cell cathode,2020,Fe-ZIF＊/CNT-2,0,0,0,0,0,0,0.049,0.033,,0,,,,,,,,,,0,,,,0.2,Fe(acac)3,0.013157895,0,0,0,none,2,Zn(NO3)2﹞6H2O,0.131578947,8,0.526315789,120,4,5,CNT,0.328947368,1,0,0,,25,0,900,3,,0,0,25,0,25,0,0,,622,0.25,0.75,0,0.89,0.77,5.1,1600,0.4,,0
Thermally Driven Structure and Performance Evolution of Atomically Dispersed Fe-N4 Sites for Oxygen Reduction,2019,ZIF-NC-0.5Fe-700,0,0.004,0,0,0,0,0.0112,0.034,0.019,0,0.0137,0,0.015538,0.004692,0.403772473,0,0.457942823,0.138284704,0.013728264,0,0,0.015570056,0.000159528,0.1756,FeCl3,0.001475824,0,0,0,none,22.82828,Zn(NO3)2﹞6H2O,0.191859469,95.9805,0.806664707,25,24,0,none,0,0,0,1,,25,0,700,1,30,0,0,25,0,25,0,0,1.71,396,0.12125,0.57044,0.30831,1,0.84,4,900,0.6,10.33,1
Thermally Driven Structure and Performance Evolution of Atomically Dispersed Fe-N4 Sites for Oxygen Reduction,2019,ZIF-NC-0.5Fe-400,0,0.007,0,0,0,0,0.0033,0.032,0.022,0,0.399,0,0.471,0.13,0.399,0,0.471,0.13,0.012768,0,0,0.015072,0.00416,0.1756,FeCl3,0.001475824,0,0,0,none,22.82828,Zn(NO3)2﹞6H2O,0.191859469,95.9805,0.806664707,25,24,0,none,0,0,0,1,,25,0,400,1,30,0,0,25,0,25,0,0,1.71,396,0.12125,0.57044,0.30831,1,0.78,4,900,0.6,,0
Thermally Driven Structure and Performance Evolution of Atomically Dispersed Fe-N4 Sites for Oxygen Reduction,2019,ZIF-NC-0.5Fe-1100,0,0,0,0,0,0,0.0128,0.022,0.017,0,0.29,0,0.565,0.145,0.29,0,0.565,0.145,0.00638,0,0,0.01243,0.00319,0.1756,FeCl3,0.001475824,0,0,0,none,22.82828,Zn(NO3)2﹞6H2O,0.191859469,95.9805,0.806664707,25,24,0,none,0,0,0,1,,25,0,1100,1,30,0,0,25,0,25,0,0,1.71,396,0.12125,0.57044,0.30831,1,0.79,4,900,0.6,,0
Two-step pyrolysis of ZIF-8 functionalized with ammonium ferric citrate for efficient oxygen reduction reaction,2017,C-ZIF-8 (4/2),0,0,0,0,0,0,0.052,0.044,,0,,,,,,,,,,0,,,,0.64285,ammonium ferric citrate,0.001782511,0,0,0,none,40,Zn(NO3)2﹞6H2O,0.110913054,320,0.887304434,25,48,0,none,0,0,1,0,,25,0,900,4,3,1,0.5,80,10,900,2,1,0.99,1323.7,0.12926,0.87074,0,0.95,0.76,6.8,1600,0.622,12,0
Two-step pyrolysis of ZIF-8 functionalized with ammonium ferric citrate for efficient oxygen reduction reaction,2017,C-ZIF-8 (2/0),0,0,0,0,0,0,0.012,0.117,,0,,,,,,,,,,0,,,,0.64285,ammonium ferric citrate,0.001782511,0,0,0,none,40,Zn(NO3)2﹞6H2O,0.110913054,320,0.887304434,25,48,0,none,0,0,1,0,,25,0,900,2,3,1,0.5,80,10,25,0,0,0.95,622.4,0.6535,0.3464,0,0.95,0.68,5.8,1600,0.622,,0
Two-step pyrolysis of ZIF-8 functionalized with ammonium ferric citrate for efficient oxygen reduction reaction,2017,C-ZIF-8 (2/2),0,0,0,0,0,0,0.047,0.05,,0,,,,,,,,,,0,,,,0.64285,ammonium ferric citrate,0.001782511,0,0,0,none,40,Zn(NO3)2﹞6H2O,0.110913054,320,0.887304434,25,48,0,none,0,0,1,0,,25,0,900,2,3,1,0.5,80,10,900,4,1,0.89,1263.9,0.8616,0.1383,0,0.95,0.72,7.5,1600,0.622,,0
Two-step pyrolysis of ZIF-8 functionalized with ammonium ferric citrate for efficient oxygen reduction reaction,2017,C-ZIF-8 (4/0),0,0,0,0,0,0,0.015,0.102,,0,,,,,,,,,,0,,,,0.64285,ammonium ferric citrate,0.001782511,0,0,0,none,40,Zn(NO3)2﹞6H2O,0.110913054,320,0.887304434,25,48,0,none,0,0,1,0,,25,0,900,4,3,1,0.5,80,10,25,0,0,0.97,689,0.7936,0.2063,0,0.95,0.735,6.5,1600,0.622,,0
MOF-Derived Carbon Networks with Atomically Dispersed Fe每Nx?Sites for Oxygen Reduction Reaction Catalysis in Acidic Media,2019,PAN-Fe-P,0,0,0,0,0,0,0.0058,0.0701,,0,0.01867464,0.01381671,0.02214459,0.01546406,0.2664,0.1971,0.3159,0.2206,0.01867464,0,0.01381671,0.02214459,0.001084031,,,,0,0,,none,,,,,,,,,"1,10",,0,1,0,,25,0,1000,1,,1,1,80,8,700,1,1,1.97,465,0.6275,0.3724,0,0.82,0.64,4.9,1600,0.4,,0
MOF-Derived Carbon Networks with Atomically Dispersed Fe每Nx?Sites for Oxygen Reduction Reaction Catalysis in Acidic Media,2019,Z8-Fe-P,0,0,0,0,0,0,0.0058,0.0633,,0,0.01828104,0.0106344,0.01509072,0.01929384,0.2888,0.168,0.2384,0.3048,0.01828104,0,0.0106344,0.01509072,0.0012213,,,,0,0,,none,,,,,,,,,"1,10",,0,1,0,,25,0,1000,1,,1,1,80,8,700,1,1,2.22,1167,0.4045,0.5955,0,0.869,0.744,5.5,1600,0.4,,0
MOF-Derived Carbon Networks with Atomically Dispersed Fe每Nx?Sites for Oxygen Reduction Reaction Catalysis in Acidic Media,2019,SA-3DNC,0,0,0,0,0,0,0.0058,0.00707,,0,0.001941422,0.001122716,0.002808204,0.001197658,0.2746,0.1588,0.3972,0.1694,0.001941422,0,0.001122716,0.002808204,8.47E-06,,,,0,0,,none,,,,,,,,,"1,10",,0,1,0,,25,0,1000,1,,1,1,80,8,700,1,1,1.98,,0.3432,0.6567,0,0.906,0.729,6.2,1600,0.4,60,0
Single Atomic Iron Catalysts for Oxygen Reduction in Acidic Media: Particle Size Control and Thermal Activation,2017,Fe-ZIF-1100 ,0,0.006,0,0,0,0,0.02,0.0221,0.0118,0,0.005,0,0.0135,0.0035,0.227272727,0,0.613636364,0.159090909,0.005022727,0,0,0.013561364,0.00007735,0.025,Fe(NO3)3﹞9H2O,0.004775549,0,0,0,none,1,Zn(NO3)2﹞6H2O,0.191021968,4.21,0.804202483,60,24,0,none,0,1,0,0,45.68,25,0,1100,1,,0,,,,,,0,0.88,624,0.1294,0.4113,0.4593,1,0.85,4.2,900,0.8,20,1
Metal每Organic-Framework-Derived Fe-N/C Electrocatalyst with Five-Coordinated Fe-Nx?Sites for Advanced Oxygen Reduction in Acid Media,2017,5% Fe-N/C ,0,0,0,0,0,0,,0.0567,,0,0.0137,0.0053,0.0143,0.0055,0.353092784,0.136597938,0.368556701,0.141752577,0.020020361,1,0.007745103,0.020897165,0.00031185,0.4935,,0.005528173,0,0,0,none,9.3765,,0.105035286,79.4,0.889436541,25,1,0,none,0,1,0,0,218,25,0,900,2,2,1,0.5,80,8,900,2,1,,1036,0.694,0.294,0.012,0.861,0.735,5.2,,,,0
Metal每Organic-Framework-Derived Fe-N/C Electrocatalyst with Five-Coordinated Fe-Nx?Sites for Advanced Oxygen Reduction in Acid Media,2017,0,0,0,0,0,0,0,,0.0567,,0,0.0098,0.0047,0.0082,0.0028,0.384313725,0.184313725,0.321568627,0.109803922,0.021790588,1,0.010450588,0.018232941,0.00015876,0.987,,0.011056346,0,0,0,none,8.883,,0.099507113,79.4,0.889436541,25,1,0,none,0,1,0,0,560,25,0,900,2,2,1,0.5,80,8,900,2,1,,774,0.613,0.342,0.045,0.85,0.71,4.55,,,,0
Metal每Organic-Framework-Derived Fe-N/C Electrocatalyst with Five-Coordinated Fe-Nx?Sites for Advanced Oxygen Reduction in Acid Media,2017,15% Fe-N/C ,0,0,0,0,0,0,,0.0567,,0,0.0072,0.0031,0.0078,0.0017,0.363636364,0.156565657,0.393939394,0.085858586,0.020618182,1,0.008877273,0.022336364,0.00009639,1.4805,,0.016584519,0,0,0,none,8.3895,,0.09397894,79.4,0.889436541,25,1,0,none,0,1,0,0,332,25,0,900,2,2,1,0.5,80,8,900,2,1,,736,0.509,0.462,0.029,0.82,0.68,4.75,,,,0
Metal每Organic-Framework-Derived Fe-N/C Electrocatalyst with Five-Coordinated Fe-Nx?Sites for Advanced Oxygen Reduction in Acid Media,2017,25% Fe-N/C ,0,0,0,0,0,0,,0.0567,,0,0.0049,0.0027,0.0072,0.0008,0.314102564,0.173076923,0.461538462,0.051282051,0.017809615,0,0.009813462,0.026169231,0.00004536,2.4675,,0.027640865,0,0,0,none,7.4025,,0.082922594,79.4,0.889436541,25,1,0,none,0,1,0,0,125,25,0,900,2,2,1,0.5,80,8,900,2,1,,552,0.249,0.708,0.043,0.8,0.605,5.25,,,,0
ZIF-derived carbons as highly efficient and stable ORR catalyst,2018,ZIF-C,0,0,0,0,0.0178,0,,0.0381,0.0592,0,0.0072,0.0133,0.0095,0.0082,0.188481675,0.348167539,0.248691099,0.214659686,0.007181152,0,0.013265183,0.009475131,0.00031242,0,none,0,10,27,0.142857143,Co(NO3)2﹞H2O,,,,60,0.857142857,25,12,0,none,0,1,0,0,328,25,0,900,3,2,1,0.5,80,48,900,3,1,,260.52,,,,0.75,0.6,5.1,1600,0.51,,0
ZIF-derived carbons as highly efficient and stable ORR catalyst,2018,ZIF-C-KOH,0,0,0,0,0.0031,0,,0.0038,0.6809,0,0.0015,0,0.0004,0.0019,0.394736842,0,0.105263158,0.5,0.0015,0,0,0.0004,0.00000722,0,none,0,10,27,0.142857143,Co(NO3)2﹞H2O,,,,60,0.857142857,25,12,0,none,0,1,0,0,451.42,25,0,900,3,2,1,0.5,80,48,900,3,1,,342.37,,,,0.75,0.65,5.6,1600,0.51,,0
ZIF-derived carbons as highly efficient and stable ORR catalyst,2018,ZIF-C/Rg0,0,0,0,0,0.0076,0,,0.0536,0.0517,0,0.0089,0.027,0.0051,0.012,0.167924528,0.509433962,0.096226415,0.226415094,0.009000755,0,0.02730566,0.005157736,0.0006432,0,none,0,1.066,27,,Co(NO3)2﹞H2O, ,,,60,,25,12,10,graphene oxides,,1,0,0,,25,0,900,3,2,1,0.5,80,48,900,3,1,,234.3,,,,0.85,0.72,5.8,1600,0.51,,0
ZIF-derived carbons as highly efficient and stable ORR catalyst,2018,ZIF-C/rGO-KOH,0,0,0,0,0.0076,0,,0.0374,0.2766,0,0.0099,0.0119,0.0052,0.0104,0.264705882,0.318181818,0.139037433,0.278074866,0.0099,0,0.0119,0.0052,0.00038896,0,none,0,1.066,27,,Co(NO3)2﹞H2O, ,,,60,,25,12,10,graphene oxides,,1,0,0,310.39,25,0,900,3,2,1,0.5,80,48,900,3,1,,418.75,,,,0.76,0.6,6.5,1600,0.51,,0
Ionic Liquid-Modified Microporous ZnCoNC-Based Electrocatalysts for Polymer Electrolyte Fuel Cells,2019,ZnCoNC-IL20 ,0,0.179,0,0,0.0203,0,,0.1095,0.1743,0.0089,,,,,,,,,,0,,,,0,none,,7.5,27,,Co(NO3)2﹞6H2O,15,Zn(NO3)2﹞6H2O,,60,,25,36, ,"1-butyl-3-methylimidazolium bis(tri?uoromethylsulfonyl)imide ([BMIM][NTf2]),",,1,0,0,557,25,0,900,2,5,0,0,25,0,25,0,0,,,,,,0.59,0.4,5,1600,0.1,,0
Designing the 3D Architecture of PGM-Free Cathodes for H2 Air Proton Exchange Membrane Fuel Cells,2019,E-ZIF-8(Fe)/PAN-Ar,0,0,0,0,0,0,,0.0567,,0,,,,,,,,,,0,,,,0.0216,FeCl2﹞4H2O,0.000617115,0,0,0,none,9.98,Zn(NO3)2﹞6H2O,0.285129823,25,0.714253063,25,1,,polyacrylonitrile ,0,1,0,0,,25,0,1050,2,4,0,0,25,0,25,0,0,,322,0,0.0409,0.9591,0.98,0.73,5,1600,0.8,,0
Hierarchically open-porous carbon networks enriched with exclusive Fe每Nx active sites as efficient oxygen reduction catalysts towards acidic H2每O2 PEM fuel cell and alkaline Zn每air battery,2020, C-FeZIF-8@g-C3N4 ,0,0,0,0,0,0,0.0405,0.066,,0,0.02614,0.006,0.021,0.004521,0.453339345,0.104056468,0.364197638,0.078406549,0.029920397,1,0.006867727,0.024037044,0.000298386,2.38,ferric acetylacetonate,0.006725444,0,0,0,none,11.2,Zn(NO3)2﹞6H2O,0.031649147,292.68,0.82706002,25,8,47.62, g-C3N4 ,0.134565389,0,1,0,,25,0,950,2,2,0,0,25,0,25,0,0,1.04,525,0,1,0,0.85,0.745,5.1,1600,0.35,,0
Sulfur-doping achieves efficient oxygen reduction in pyrolyzed zeolitic imidazolate frameworks,2013,ZIF-TTA-p,0,0,0,0,0.2996,0,,0.0991,,0.0151,0.0528,,,,1,0,0,0,0.0991,1,0,0,0,4,Co(NO3)2﹞6H2O,0.055555556,0,0,0,none,,,,67,0.930555556,25,6,1,TAA,0.013888889,1,0,0,132.67,25,0,700,0.17,5,0,0,25,0,25,0,0,,382.79,0,1,0,0.88,0.78,5.9,1600,,,0
"Well-elaborated, mechanochemically synthesized Fe-TPPZIF precursors (Fe-TPP = tetraphenylporphine iron) to atomically dispersed iron每nitrogen species for oxygen reduction reaction and Zn-air batteries",2018,Fe-N/C-1/30,0,0,0,0,0,0,0.038,0.0709,,0,0.0192,0.0104,0.019,,0.395061728,0.21399177,0.390946502,0,0.028009877,1,0.015172016,0.027718107,0,0.033,Fe-TPP,0.008031933,0,0,0,none,1,ZnO,0.24339191,3,0.730175729,,,0.0756,(NH4)2SO4,0.018400428,1,0,0,183.55,25,0,950,3,2,0,0,25,0,25,0,0,,1009,,,,0.83,0.74,3.8,1600,,,0
Atomically dispersed Fe-N-C derived from dual metal-organic frameworks as efficient oxygen reduction electrocatalysts in direct methanol fuel cells,2019,ZIF/MIL-10-900,0,0,0,0,0,0,,0.0567,,0,0.4959,0.1752,0.0333,,0.704003407,0.248722317,0.047274276,0,0.039916993,1,0.014102555,0.002680451,0,,MIL101(Fe),,0,0,0,none,8,Zn(NO3)2﹞6H2O,0.091954023,79,0.908045977,25,1,0,none,0,0,1,0,18.06,25,0,900,2,5,1,1,25,12,25,0,0,,681,,, ,0.89,0.78,5.9,1600,0.5,,0
Carbon Thin-Layer-Protected Active Sites for ZIF-8-Derived Nitrogen-Enriched Carbon Frameworks/Expanded Graphite as Metal-Free Catalysts for Oxygen Reduction in Acidic Media,2018,Z8-NCF-P/EG-10,0,0,0,0,0,0,,0.0464,0.0667,0,0.0213,0.00928,0.0125,0.00325,0.459745305,0.20030218,0.269803583,0.070148932,0.021332182,1,0.009294021,0.012518886,0.0001508,,,,0,0,0,none,2.45,Zn(NO3)2﹞6H2O,0.060152222,19.88,0.488092315,25,1,18.4, expanded graphite ,0.451755463,1,0,0,26.6,25,0,900,2,2,1,2,25,12,25,0,0,,666,,,,0.903,0.797,6.3,1600,,,0
Nitrogen-coordinated single iron atom catalysts derived from metal organic frameworks for oxygen reduction reaction,2019,Fe-N-C,0,0,0,0,0,0,,0.0567,,0,,,,,,,,,,0,,,,0.05,FeSO4﹞6H2O,0.000510204,0,0,0,none,0.95,Zn(NO3)2﹞6H2O,0.009693878,97,0.989795918,25,10,0,none,0,1,0,0,128,25,0,1000,1,5,0,0,25,0,900,0.25,1,,1099.75,,,,0.95,0.81,6,1600,0.56,16,0
Nitrogen-coordinated single iron atom catalysts derived from metal organic frameworks for oxygen reduction reaction,2019,Fe-N-C,0,0,0,0,0,0,,0.0567,,0,,,,,,,,,,0,,,,0.03,FeSO4﹞6H2O,0.000306122,0,0,0,none,0.97,Zn(NO3)2﹞6H2O,0.009897959,97,0.989795918,25,10,0,none,0,1,0,0,212,25,0,1000,1,5,0,0,25,0,900,0.25,1,,752.7,,,,0.92,0.77,5.8,1600,0.56, ,0
Nitrogen-coordinated single iron atom catalysts derived from metal organic frameworks for oxygen reduction reaction,2019,Fe-N-C,0,0,0,0,0,0,,0.0567,,0,,,,,,,,,,0,,,,0.08,FeSO4﹞6H2O,0.000816327,0,0,0,none,0.92,Zn(NO3)2﹞6H2O,0.009387755,97,0.989795918,25,10,0,none,0,1,0,0,220,25,0,1000,1,5,0,0,25,0,900,0.25,1,,822.02,,,,0.95,0.8,5.5,1600,0.56, ,0
Nitrogen-coordinated single iron atom catalysts derived from metal organic frameworks for oxygen reduction reaction,2019,Fe-N-C,0,0,0,0,0,0,,0.0567,,0,,,,,,,,,,0,,,,0.1,FeSO4﹞6H2O,0.001020408,0,0,0,none,0.9,Zn(NO3)2﹞6H2O,0.009183673,97,0.989795918,25,10,0,none,0,1,0,0,345,25,0,1000,1,5,0,0,25,0,900,0.25,1,,601.07,,,,0.97,0.8,5.7,1600,0.56, ,0
Surface functionalization of ZIF-8 with ammonium ferric citrate toward high exposure of Fe-N active sites for efficient oxygen and carbon dioxide electroreduction,2017,C-AFC?ZIF-8 ,0,0.0345,0,0,0,0,0.0147,0.1015,,0,0.0374,0.0155,0.0116,0.0032,0.552437223,0.228951256,0.171344165,0.047267356,0.056072378,1,0.023238552,0.017391433,0.0003248,0.226,C6H11FeNO7,0.007992644,0,0,0,none,13.33,Zn(NO3)2﹞6H2O,0.47142453,14.72,0.520582826,25,48,0,none,0,0,1,0,,25,0,900,4,3,1,1,25,0,25,0,0,1.06,705,,,,0.89,0.75,6,2500,0.622,20,0
Bimetal-Organic Framework Self-Adjusted Synthesis of Support Free Nonprecious Electrocatalysts for Efficient Oxygen Reduction,2015,Co-N-C,0,0,0,0,0.106,0,0,0.0085,,0,0.003995,0.003655,,,0.522222222,0.477777778,0,0,0.004438889,0,0.004061111,0,0,0,none,0,2.4,27,0.04,Co(NO3)2﹞6H2O,9.6,Zn(NO3)2﹞6H2O,0.16,48,0.8,25,,0,none,0,1,0,0,206,25,0,900,3,,0,0,25,0,25,0,0,,484,,,,0.82,0.761,7.2,2500,0.6,,0
Microporous Framework Induced Synthesis of Single-Atom Dispersed Fe-N?C Acidic ORR Catalyst and Its in Situ Reduced Fe?N4 Active Site Identification Revealed by X?ray Absorption Spectroscopy,2017,Fe-N-C-850,0,0,0,0,0,0,0.0035,0.0497,0.0924,0,0.0202,0.011,0.0185,0,0.406438632,0.221327968,0.3722334,0,0.0202,1,0.011,0.0185,0,1.888,Fe(acac)3,0.020772819,0,0,0,none,10,Zn(NO3)2﹞6H2O,0.110025526,79,0.869201655,25,24,0,none,0,1,0,0,453,25,0,850,1,5,1,1,80,12,25,0,0,1.72,1498,0,0.75,0.25,0.9,0.77,5.8,1600,0.4,,0
Microporous Framework Induced Synthesis of Single-Atom Dispersed Fe-N?C Acidic ORR Catalyst and Its in Situ Reduced Fe?N4 Active Site Identification Revealed by X?ray Absorption Spectroscopy,2017,Fe-N-C-950,0,0,0,0,0,0,0.0032,0.0328,0.0789,0,0.0131,0.0086,0.0111,0,0.399390244,0.262195122,0.338414634,0,0.0131,0,0.0086,0.0111,0,1.888,Fe(acac)3,0.020772819,0,0,0,none,10,Zn(NO3)2﹞6H2O,0.110025526,79,0.869201655,25,24,0,none,0,1,0,0,380,25,0,950,1,5,1,1,80,12,25,0,0,1.57,1323,0,0.757,0.243,0.92,0.78,5.5,1600,0.4,12,0
Microporous Framework Induced Synthesis of Single-Atom Dispersed Fe-N?C Acidic ORR Catalyst and Its in Situ Reduced Fe?N4 Active Site Identification Revealed by X?ray Absorption Spectroscopy,2017,Fe-N-C-1050,0,0,0,0,0,0,0.0039,0.0263,0.0664,0,0.0055,0.0077,0.0131,0,0.209125475,0.292775665,0.498098859,0,0.0055,0,0.0077,0.0131,0,1.888,Fe(acac)3,0.020772819,0,0,0,none,10,Zn(NO3)2﹞6H2O,0.110025526,79,0.869201655,25,24,0,none,0,1,0,0,345,25,0,1050,1,5,1,1,80,12,25,0,0,1.38,1376,0,0.751,0.249,0.9,0.77,5.8,1600,0.4,,0
Atomic Co/Ni dual sites and Co/Ni alloy nanoparticles in N-doped porous Janus-like carbon frameworks for bifunctional oxygen electrocatalysis,2018,CoPNi-N/C,0,0,0,0,0.015,0,0,0.1029,0.0506,0,0.0646,,0.0383,,0.627793975,0,0.372206025,0,0.0646,1,0,0.0383,0,0,none,0,1.37,27,0.11102107,Co(NO3)2﹞6H2O,,,,10.97,0.88897893,25,4,,Pni,0,1,0,0,591,25,0,750,3,,0,0,25,0,25,0,0,1.03,446.8,0.39,0.61,0,0.86,0.73,5,1600,0.3,,0
Atomic Co/Ni dual sites and Co/Ni alloy nanoparticles in N-doped porous Janus-like carbon frameworks for bifunctional oxygen electrocatalysis,2018,CoDNi-N/C,0,0,0,0,0.0159,0,0,0.0903,0.0703,0,0.0556,,0.0347,,0.61572536,0,0.38427464,0,0.0556,1,0,0.0347,0,0,none,0,1.37,27,0.11102107,Co(NO3)2﹞6H2O,,,,10.97,0.88897893,25,4,,Dni,0,1,0,0,500,25,0,750,3,,0,0,25,0,25,0,0,1.01,398.3,0.34,0.66,0,0.8,0.705,4,1600,0.3,,0
Single-Atom Cr-N4 Sites Designed for Durable Oxygen Reduction Catalysis in Acid Media,2019,Cr/N/C-950,0,0.026,0,0,0,0.019,0,0.0493,,0,,,,,,,,,,0,,,,0,none,0,0.0375,24,0.004433934,CrCl3﹞6H2O,4,Zn(NO3)2﹞6H2O,0.472953,4.42,0.522613065,25,24,0,none,0,0,1,0,192,25,0,950,1,5,1,,,12,25,0,0,,884.9,0.425,0.575,0,0.82,0.76,5,1600,,,0
MOF derived catalysts for electrochemical oxygen reduction,2014,ZIF-67-900,0,0.083,0,0,0.3,0,0,0.04,,0,,,,,,,,,,0,,,,0,none,0,10,27,0.333333333,Co(Ac)2﹞4H2O,,,,20,0.666666667,120,12,0,none,0,1,0,0,9.2,25,0,900,0.167,10,0,0,25,0,25,0,0,1.75,285.9,0.0937,0.9063,0,0.85,0.71,3.8,,,,0
Directly converting Fe-doped metal每organic frameworks into highly active and stable Fe-N-C catalysts for oxygen reduction in acid,2016,C-Fe-Z8-Ar,0,0,0,0,0,0,0.0335,0.0688,,0,,,,,,,,,,1,,,,5,FeSO4﹞7H2O,0.047192072,0,0,0,none,0.95,Zn(NO3)2﹞6H2O,0.008966494,100,0.943841435,60,12,0,none,0,1,0,0,61.37,25,0,1000,,,0,0,25,0,25,0,0,,969,0.337,0.663,0,0.95,0.82,7.5,1600,0.56,40,1
"Fe, N co-doped carbonaceous hollow spheres with self-grown carbon nanotubes as a high performance binary electrocatalyst",2019,FeNC-800,0,0.0578,0,0,0,0,0.0476,0.119,0.0462,0,0.061,0.0044,0.02737,0.012,0.582227737,0.041996755,0.261238904,0.114536604,0.069285101,1,0.004997614,0.03108743,0.001428,1,FeSO4﹞7H2O,0.02,0,0,0,none,9,Zn(NO3)2﹞6H2O,0.18,40,0.8,150,12,0,none,0,1,0,0,356,25,0,800,3,,1,10,25,24,25,0,0,1.12,446.3,0.278,0.428,0.294,0.838,0.629,6.964,1600,0.32,,0
"Fe, N co-doped carbonaceous hollow spheres with self-grown carbon nanotubes as a high performance binary electrocatalyst",2019,FeNC-900,0,0.0239,0,0,0,0,0.0467,0.0793,0.0401,0,0.03465,0.002379,0.02688,0.0068,0.490036629,0.033644939,0.380149627,0.096168805,0.038859905,1,0.002668044,0.030145865,0.00053924,1,FeSO4﹞7H2O,0.02,0,0,0,none,9,Zn(NO3)2﹞6H2O,0.18,40,0.8,150,12,0,none,0,1,0,0,426,25,0,900,3,,1,10,25,24,25,0,0,1.07,526.6,0.296,0.407,0.297,0.841,0.709,6.834,1600,0.32,,0
"Fe, N co-doped carbonaceous hollow spheres with self-grown carbon nanotubes as a high performance binary electrocatalyst",2019,FeNC-1000,0,0,0,0,0,0,0.0345,0.0485,0.0359,0,0.01649,0.004171,0.01857,0.007226,0.354951891,0.089781949,0.399724476,0.155541684,0.017215167,0,0.004354425,0.019386637,0.000350461,1,FeSO4﹞7H2O,0.02,0,0,0,none,9,Zn(NO3)2﹞6H2O,0.18,40,0.8,150,12,0,none,0,1,0,0,377,25,0,1000,3,,1,10,25,24,25,0,0,1.01,448.9,0.294,0.424,0.282,0.826,0.658,6.558,1600,0.32,,0
Iron imidazolate framework as precursor for electrocatalysts in polymer electrolyte membrane fuel cells,2012,FelM700,0,0,0,0,0,0,,0.0561,,0,0.0252,0.0084,0.0022,0.008415,0.569942327,0.189980776,0.04975687,0.190320027,0.031973765,1,0.010657922,0.00279136,0.000472082,2.69,ferrocene,0.083879015,0,0,0,none,,,,29.38,0.916120985,150,96,0,none,0,1,0,0,,25,0,700,1,,1,1,80,20,700,0.25,1,,360,,,,0.855,0.625,4.3,1600,0.4,,0
Iron imidazolate framework as precursor for electrocatalysts in polymer electrolyte membrane fuel cells,2012,FelM800,0,0,0,0,0,0,,0.036,,0,0.0126,0.00792,0.00288,0.00648,0.421686747,0.265060241,0.096385542,0.21686747,0.015180723,0,0.009542169,0.00346988,0.00023328,2.69,ferrocene,0.083879015,0,0,0,none,,,,29.38,0.916120985,150,96,0,none,0,1,0,0,,25,0,800,1,,1,1,80,20,800,0.25,1,,371,,,,0.859,0.64,4.6,1600,0.4,,0
Iron imidazolate framework as precursor for electrocatalysts in polymer electrolyte membrane fuel cells,2012,FelM900,0,0,0,0,0,0,,0.096,,0, ,,,,,,,,,0,,,,2.69,ferrocene,0.083879015,0,0,0,none,,,,29.38,0.916120985,150,96,0,none,0,1,0,0,,25,0,900,1,,1,1,80,20,900,0.25,1,,219,,,,0.816,0.57,4.5,1600,0.4,,0
Iron imidazolate framework as precursor for electrocatalysts in polymer electrolyte membrane fuel cells,2012,FelM/ZIF-8,0,0,0,0,0,0,,0.045,,0,0.0171,0.00765,0.00225,0.01035,0.457831325,0.204819277,0.060240964,0.277108434,0.02060241,1,0.009216867,0.002710843,0.00046575,0.006,FelM,0.000195319,0,0,0,none,1.333,Zn(NO3)2﹞6H2O,0.04339334,29.38,0.956411342,150,96,0,none,0,1,0,0,,25,0,1050,1,,0,0,25,0,950,0.25,1,,572,,,,0.915,0.755,5,1600,0.4,,0
Non-precious electrocatalysts synthesized from metal每organic frameworks,2014,C700/700,0,0,0,0,0,0,0.074,0.082,,0,0.039852,,,,1,0,0,0,0.082,1,0,0,0,344.72,FeCl2,,0,0,0,none,,,,,,,,0,none,0,1,0,0,,25,0,700,1.5,1,1,1,80,20,700,0.25,1,,647,,,,0.821,0.713,5.6,1500,0.8,,0
Non-precious electrocatalysts synthesized from metal每organic frameworks,2014,C900/900,0,0,0,0,0,0,0.083,0.035,,0,0.009485,,,,1,0,0,0,0.035,1,0,0,0,344.72,FeCl2,,0,0,0,none,,,,,,,,0,none,0,1,0,0,,25,0,900,1.5,1,1,1,80,20,900,0.25,1,,628,,,,0.889,0.754,4.7,1500,0.8,,0
Non-precious electrocatalysts synthesized from metal每organic frameworks,2014,C700/950,0,0,0,0,0,0,0.053,0.036,,0,0.011232,,,,1,0,0,0,0.036,1,0,0,0,344.72,FeCl2,,0,0,0,none,,,,,,,,0,none,0,1,0,0,,25,0,700,1.5,1,1,1,80,20,950,0.25,1,,687,,,,0.915,0.811,4.8,1500,0.8,,0
Non-precious electrocatalysts synthesized from metal每organic frameworks,2014,C900/950,0,0,0,0,0,0,0.076,0.034,,0,0.008092,,,,1,0,0,0,0.034,1,0,0,0,344.72,FeCl2,,0,0,0,none,,,,,,,,0,none,0,1,0,0,,25,0,900,1.5,1,1,1,80,20,950,0.25,1,,566,,,,0.894,0.795,4.5,1500,0.8,,0
Well-defined carbon polyhedrons prepared from nano metal每organic frameworks for oxygen reduction,2014,MDC,0,0,0,0,0.114,0,0,0.064,0.0473,0,,,,,,,,,,0,,,,0,none,0,0.0049,27,0.000123847,Co(NO3)2﹞6H2O,,,,39.56,0.999876153,25,20,0,none,0,1,0,0,332,25,0,750,2,,0,0,25,0,25,0,0,,386,0.083,0.917,0,0.86,0.71,5.2,1600,0.4,,0
"Zeolitic Imidazolate Framework (ZIF)坼Derived, Hollow坼Core, Nitrogen坼Doped Carbon Nanostructures for Oxygen坼Reduction Reactions in PEFCs",2013,FeNC-70,0,0.0127,0,0,0,0,0.001,0.1488,0.1106,0,,,,,,,,,,0,,,,0.08,Fe(ac)2,0.25,0,0,0,none,,Zn(NO3)2﹞6H2O,,0.24,0.75,120,72,,"2坼nitroimidazole,imidazole",0,1,0,0,325,25,0,900,3,,1,3,25,0,25,0,0,1.36,262,,,,0.8,0.64,4,1600,0.1,,0
Chemical Vapor Deposition for Atomically Dispersed and Nitrogen Coordinated Single Metal Site Catalysts,2020,0.17CVD/Fe-N-C-kat ,0,0.016,0,0,0,0,0.0194,0.0545,0.0687,0,0.01623,0,0.0226,0.01028,0.33048259,0,0.460191407,0.209326003,0.018011301,0,0,0.025080432,0.00056026,0.6538,Fe(NO3)3﹞H2O,0.022456704,0,0,0,none,19.31,Zn(ac)2﹞2H2O,0.663259348,9.15,0.314283948,,,0,none,0,0,0,0,183,25,0,1000,1,30,0,0,25,0,25,0,0,1.63,216,0.6788,0.4052,0.7561,1,0.835,4,900,0.6,20,1
Accelerated oxygen reduction on Fe/N/C catalysts derived from precisely-designed ZIF precursors,2020,Czif(Second)-24,0,0,0,0,0,0,0.019,0.0573,,0,0.023,0.0155,0.0165, ,,,,,,1,,,,44.36,FeCl3﹞6H20,0.281668677,0,0,0,none,0.8,Zn(NO3)2﹞6H2O,0.005079688,79,0.50161915,25,24,33.33,urea,0.211632485,0,0,1,421,25,0,900,1,5,1,1,25,12,25,0,0,,1295,0.367,0.633,0,0.95,0.825,5.5,1600,0.6,,1
Hierarchically Ordered Porous Carbon with Atomically Dispersed FeN4 for Ultraefficient Oxygen Reduction Reaction in Proton坼Exchange Membrane Fuel Cells ,2019,FeN4/HOPC-c-1000 ,0,0.026,0,0,0,0,0.015,0.0454,0.0244,0,0.00949,0,0.0206,0.0135,0.217710484,0,0.472585455,0.309704061,0.009884056,0,0,0.02145538,0.0006129,,Fe(NO3)3﹞9H2O,,0,0,0,none,,Zn(NO3)2﹞6H2O,,,,25,12,,PS,0,1,0,0,58.58,25,0,1000,2,,0,0,25,0,25,0,0,2.38,757.37,0.096,0.904,0,0.85,0.8,4.8,1600,,,0
Tunable Synthesis of Hollow Metal每Nitrogen每Carbon Capsules for Efficient Oxygen Reduction Catalysis in Proton Exchange Membrane Fuel Cells,2019,ZIF-8@Fe每TA,0,0,0,0,0,0,0.0127,0.0674,,0,,,,,,,,,,0,,,,0.1755,Fe(NO3)3﹞9H2O,,0,0,0,none ,,,,,,,,,potassium每tannic acid,0,0,1,0,500,25,0,900,3,1,1,0.5,90,12,900,3,0,,917,0.8704,0.1296,0,0.95,0.77,5.8,1600,,,0
Tunable Synthesis of Hollow Metal每Nitrogen每Carbon Capsules for Efficient Oxygen Reduction Catalysis in Proton Exchange Membrane Fuel Cells,2019,ZIF-8@Co每TA,0,0,0,0,0.018,0,0,0.0994,,0,,,,,,,,,,0,,,,0,none,0,0.2061,27,1,Co(NO3)2﹞6H2O,,,,,,,,,potassium每tannic acid,0,0,1,0,475,25,0,900,3,1,1,0.5,90,12,900,3,0,,1033,0.9239,0.0761,0,0.885,0.74,5.5,1600,,,0
Tunable Synthesis of Hollow Metal每Nitrogen每Carbon Capsules for Efficient Oxygen Reduction Catalysis in Proton Exchange Membrane Fuel Cells,2019,ZIF-8@Ni每TA,0,0,0,0,0,0,0,0.0775,,0,,,,,,,,,,0,,,,0,none,0,0.2063,28,1,Ni(NO3)2﹞6H2O,,,,,,,,,potassium每tannic acid,0,0,1,0,475,25,0,900,3,1,1,0.5,90,12,900,3,0,,968,0.9078,0.0922,0,0.782,0.44,4.7,1600,,,0
Tunable Synthesis of Hollow Metal每Nitrogen每Carbon Capsules for Efficient Oxygen Reduction Catalysis in Proton Exchange Membrane Fuel Cells,2019,ZIF-8@FeCo每TA,0,0,0,0,0.0044,0,0.0071,0.099,,0,,,,,,,,,,0,,,,0.08775,Fe(NO3)3﹞9H2O ,0.460026212,0.103,27,0.539973788,Co(NO3)2﹞6H2O,,,,,,,,,potassium每tannic acid,0,0,1,0,390,25,0,900,3,1,1,0.5,90,12,900,3,0,,962,0.8983,0.1017,0,0.943,0.75,5.5,1600,,,0
Tunable Synthesis of Hollow Metal每Nitrogen每Carbon Capsules for Efficient Oxygen Reduction Catalysis in Proton Exchange Membrane Fuel Cells,2019,ZIF-8@FeNi每TA,0,0,0,0,0,0,0.0068,0.1168,,0,,,,,,,,,,0,,,,0.08775,Fe(NO3)3﹞9H2O,0.459544383,0.1032,28,0.540455617,Ni(NO3)2﹞6H2O,,,,,,,,,potassium每tannic acid,0,0,1,0,450,25,0,900,3,1,1,0.5,90,12,900,3,0,,887,0.8745,0.1255,0,0.913,0.75,5.5,1600,,,0
Tunable Synthesis of Hollow Metal每Nitrogen每Carbon Capsules for Efficient Oxygen Reduction Catalysis in Proton Exchange Membrane Fuel Cells,2019,ZIF-8@CoNi每TA,0,0,0,0,0.0054,0,0,0.0945,,0,,,,,,,,,,0,,,,0,NONE,0,0.203,27,1,Ni(NO3)2﹞6H2O+Co(NO3)2﹞6H2O,,,,,,,,,potassium每tannic acid,0,0,1,0,450,25,0,900,3,1,1,0.5,90,12,900,3,0,,950,0.8899,0.1101,0,0.876,0.73,5.2,1600,,,0
Tunable Synthesis of Hollow Metal每Nitrogen每Carbon Capsules for Efficient Oxygen Reduction Catalysis in Proton Exchange Membrane Fuel Cells,2019,ZIF-8@FeCoNi每TA,0,0,0,0,0.0036,0,0.0045,0.1114,,0,,,,,,,,,,0,,,,0.0687,Fe(NO3)3﹞9H2O,0.333010179,0.1376,27,0.666989821,Ni(NO3)2﹞6H2O+Co(NO3)2﹞6H2O,,,,,,,,,potassium每tannic acid,0,0,1,0,409,25,0,900,3,1,1,0.5,90,12,900,3,0,,919,0.9112,0.0888,0,0.901,0.74,5.3,1600,,,0
Degradation of Fe/N/C catalysts upon high polarization in acid medium,2014,Fe/N/C-dry,0,0,0,0,0,0,,0.0567,,0,,,,,,,,,,0,,,,0.1647,FeIIAc,0.129217009,0,0,0,none,,,,,,,,1.1099,"1,10-phenanthroline",0.870782991,0,1,0,20,25,0,1050,,,0,0,25,0,25,0,0,,,,,,0.903,0.812,4.2,1500,0.8,,0
Sulfuration of an Fe每N每C Catalyst Containing FexCFe Species to Enhance the Catalysis of Oxygen Reduction in Acidic Media and for Use in Flexible Zn每Air Batteries,2018,FeNC每S每FexC/Fe,0,0,0,0,0,0,0.03627,0.0077,0.0478,0.0041,0.000799,0.001703,0.002619,0.002579,0.103766234,0.221168831,0.34012987,0.334935065,0.000799,0,0.001703,0.002619,1.99E-05,,iron nitrate nonahydrate,,0,0,,none,,zinc nitrate hexahydrate,,,,,,,polyaniline nanofibers ˙ 2坼methylimidazole,,0,0,1,20,25,0,1100,1,5,0,0,25,0,25,0,0,1.31,291.83,0.529,20.254,79.217,0.92,0.821,5.79,1600,0.1,,1
Construction of Highly Active Metal坼Containing Nanoparticles & FeCo坼N4 Composite Sites for Acid Oxygen Reduction Reaction,2020,Fe-SAs-N-C,0,0,0,0,0,0,0.0367,0.0862,,0,0.0467,0.0231,0.0093,0.0071,0.541763341,0.267981439,0.107888631,0.082366589,0.0467,1,0.0231,0.0093,0.00061202,0.3,FeSO4﹞7H2O,0.005964215,0,0,0,none,10,Zn(NO3)2﹞6H2O,0.198807157,40,0.795228628,25,12,0,none,0,1,0,0,,25,0,,,,0,0,25,0,25,0,0,,,0.1737,0.8263,0,0.965,0.831,4.8,900,0.6,,1
Construction of Highly Active Metal坼Containing Nanoparticles & FeCo坼N4 Composite Sites for Acid Oxygen Reduction Reaction,2020,Co-SAs-N-C,0,0,0,0,0.017,0,0,0.0874,,0,0.0378,0.0182,0.0078,0.0115,0.501992032,0.241699867,0.103585657,0.152722444,0.043874104,1,0.021124568,0.009053386,0.0010051,0,none,0,1.5,27,0.029126214,Co(NO3)2﹞6H2O,10,Zn(NO3)2﹞6H2O,0.194174757,40,0.776699029,25,12,0,none,0,1,0,0,,25,0,,,,0,0,25,0,25,0,0,,,0.2795,0.7205,0,0.819,0.75,4,900,0.6,,0
Construction of Highly Active Metal坼Containing Nanoparticles & FeCo坼N4 Composite Sites for Acid Oxygen Reduction Reaction,2020,FeCo-SAs-N-C,0,0,0,0,0.0353,0,0.0387,0.0939,,0,0.0366,0.0162,0.0113,0.0116,0.48348745,0.214002642,0.149273448,0.15323646,0.045399472,1,0.020094848,0.014016777,0.00108924,0.3,FeSO4﹞7H2O,0.005753497,1.5,27,0.028767486,Co(NO3)2﹞6H2O,10,Zn(NO3)2﹞6H2O,0.191783239,40,0.767132956,25,12,0.3422,EDTA,0.006562822,1,0,0,283,25,0,,,,0,0,25,0,25,0,0,,,0.2513,0.7487,0,0.98,0.832,4.8,900,0.6,,1
Construction of Highly Active Metal坼Containing Nanoparticles & FeCo坼N4 Composite Sites for Acid Oxygen Reduction Reaction,2020,M/FeCo-SAs-N-C,0,0,0,0,0.0353,0,0.0332,0.0934,,0,0.0524,0.0128,0.0155,0.0127,0.561027837,0.137044968,0.165952891,0.135974304,0.0524,1,0.0128,0.0155,0.00118618,0.3,FeSO4﹞7H2O,0.005753497,1.5,27,0.028767486,Co(NO3)2﹞6H2O,10,Zn(NO3)2﹞6H2O,0.191783239,40,0.767132956,25,12,0.3422,EDTA,0.006562822,1,0,0,300,25,0,,,,0,0,25,0,25,0,0,,,0.3422,0.6578,0,0.981,0.851,4,900,0.6,,1
Dual-Shelled Multidoped Hollow Carbon Nanocages with Hierarchical Porosity for High-Performance Oxygen Reduction Reaction in Both Alkaline and Acidic Media,2020,Co-N/S-DSHCN-3.5,0,0,0,0,0.0291,0,,0.0567,,,,,,,,,,,,0,,,,,,,0,27,,none,,,,,,,,0.01974,trithiocyanuric acid,1,0,1,0,650,25,0,800,1,2,1,0.5,80,24,25,0,0,1.01,429,0.375,0.628,0,0.84,0.754,4.11,1600,0.5,,0
Improving the Catalytic Performance of Co/N/C Catalyst for?Oxygen?Reduction?Reaction?by Alloying with Fe,2020,FeCo/N/C-1:3,0,0,0,0,0.0001,0,0.0001,0.0249,0.0026,0,0.008985,0.001896,0.008966,0.005053,0.360843373,0.076144578,0.360080321,0.202931727,0.008985,0,0.001896,0.008966,0.00012582,,FeCl2﹞4H2O,,0,0,0,none,10,ZnO,0.266666667,20,0.533333333,,,7.5,terephthalic acid,0.2,0,1,0,,25,0,1050,1,,1,1,80,12,1050,1,1,1.04,1014,0.87,0.13,0,0.96,0.78,5.9,1600,,,0
Hierarchically open-porous carbon networks enriched with exclusive Fe-N-x active sites as efficient?oxygen?reduction?catalysts towards acidic H-2-O-2 PEM fuel cell and alkaline Zn-air battery,2020,C-FeZIF-8@g-C3N4,0,0,0,0,0,0,0.0405,0.066,,0,0.03443,0.006013,0.02103,0.004521,0.521714095,0.091114344,0.318665333,0.068506228,0.03443313,1,0.006013547,0.021031912,0.000298386,2.3784,ferric acetylacetonate,0.006715753,0,0,0,none,11.2003,Zn(NO3)2﹞6H2O,0.03162565,293,0.827327444,25,24,47.5737,melamine,0.134331152,0,1,0,100,25,0,950,2,2,0,0,25,0,25,0,0,1.04,550,0.56933,0.43067,0,0.852,0.745,5.2,1600,0.35,,0
Nanoporous bimetallic Zn/Fe-N-C for efficient?oxygen?reduction?in acidic and alkaline media,2020,Zn/Fe2-N-C,0,0.1028,0,0,,,0.01156,0.08255,,0,,,,,,,,,,0,,,,0.3068,hemin,0.010837466,0,0,0,none,20,Zn(NO3)2 .6H2O,0.706484111,8.0024,0.282678423,25,24,0,none,0,1,0,0,250,25,0,1000,2,2,0,0,25,0,25,0,0,2.96,,0.3261,0.5669,0.107,1.06,0.81,4.9,1600,0.341,,0
2D Single-Atom Catalyst with Optimized Iron Sites Produced by Thermal Melting of Metal-Organic Frameworks for?Oxygen?Reduction?Reaction,2020,Fe-N/GNs,0,0,0,0,0,0,0.02156,0.0567,,0,0.2259,0.519,0.1864,0.0687,0.2259,0.519,0.1864,0.0687,0.01280853,0,0.0294273,0.01056888,0.00389529,0.04386,Fe(NO)3 ? 9H2O,0.004489519,0,0,0,none,3.0589,Zn(NO3)2 .6H2O,0.313109683,,,25,8,6.66666,graphene oxide,0.682400798,1,0,0,63,25,0,900,0.5,,1,0.5,80,6,900,0.5,1,,1237.9,,,,0.952,0.837,6,1600,,,1
2D Single-Atom Catalyst with Optimized Iron Sites Produced by Thermal Melting of Metal-Organic Frameworks for?Oxygen?Reduction?Reaction,2020,FeNC/RGO,0,0.02247,0,0,0,0,0.00975,0.0567,,0,0.1669,0.327,0.4593,0.0468,0.1669,0.327,0.4593,0.0468,0.00946323,0,0.0185409,0.02604231,0.00265356,0.04386,Fe(NO)3 ? 9H2O,0.004489519,0,0,0,none,3.0589,Zn(NO3)2 .6H2O,0.313109683,,,25,8,6.66666,graphene oxide,0.682400798,1,0,0,100,25,0,900,0.5,,0,0,25,0,900,0.5,1,,790,,,,0.865,0.752,6,1600,,,0
Hierarchically Ordered Porous Carbon with Atomically Dispersed FeN4 for Ultraefficient Oxygen Reduction Reaction in Proton坼Exchange Membrane Fuel Cells,2019,FeN4 /HOPC-c-1000,0,0.026,0,0,0,0,0.0146,0.0454,0.0244,0,0.0113,0,0.0206,0.0135,0.248898678,0,0.453744493,0.297356828,0.0113,0,0,0.0206,0.0006129,8,Fe(NO3)3 ﹞9H2O,0.063734863,0,0,0,none,20.12,Zn(NO3)2﹞6H2O,0.16029318,97.4,0.775971957,25,24,0,none,0,1,0,0,100,25,0,1000,2,,0,0,25,0,25,0,0,2.38,757.37,,,,,0.8,4.6,1600,,,0
Transformation of Metal-Organic Frameworks into Huge-Diameter Carbon Nanotubes with High Performance in Proton Exchange Membrane Fuel Cells,2019,Fe?N-CNTs?H,0,0,0,0,0,0,0.0037,0.0419,0,0,0.0118,,0.0138,,0.4609375,0,0.5390625,0,0.019313281,0,0,0.022586719,0,,Fe-citrate,,0,0,0,none,10,Zn(NO3)2﹞6H2O,0.058823529,80,0.470588235,60,24,80,2-methylimidazole,0.470588235,1,0,0,120,25,0,950,2,,1,0.5,90,24,25,0,0,1.064,889,,,,,0.818,5.9,1600,,,0
Porous carbon supported atomic iron as electrocatalysts for acidic oxygen reduction reaction,2017,Fe-IL@MOF-NH3,0,0,,,,,0.0225,0.0567,,0,,,,,,,,,,0,,,,,FePc,,0,0,0,none,6.05,Zn(NO3)2﹞6H2O,0.099588477,48.7,0.801646091,,,6,1-buty-3-methylimidazoliumbis (trifiuoromethylsulfonyl) imide ([bmim][Tf2N]),0.098765432,0,1,0,110,25,0,900,1,,1,0.5,,24,900,2,1,0.96,1381.1,,,,`,0.791,5,1600,,,0
Investigation of Oxygen Reduction Activity of Catalysts Derived from Co and Co/Zn Methyl坼Imidazolate Frameworks in Proton Exchange Membrane Fuel Cells,2016,Co/Zn(mIm)2,0,0,0,0,0.008,0,0,0.0619,,0,,,,,,,,,,0,,,,0,none,0,0.48,27,0.004372779,Co(NO3)2﹞6H2O,9.41,Zn(NO3)2﹞6H2O,0.085724697,99.88,0.909902523,70,4,0,none,0,1,0,0,420,25,0,1000,1,6,1,0.5,,12,950,0.5,1,1.256,1563,,,,0.93,0.76,4.9,1600,,,0
Highly Dispersed Nonprecious Metal Catalyst for Oxygen Reduction Reaction in Proton Exchange Membrane Fuel Cells,2020,Fe-N-C-10/1-950,0,0,0,0,0,0,0.0159,0.0408,0.033,0,0.01687488,0.0034476,0.0133212,0.00715632,0.4136,0.0845,0.3265,0.1754,0.01687488,0,0.0034476,0.0133212,0.000291978,0.66,FeCl3﹞6H2O,0.011997819,0,0,0,none,5.65,Zn(NO3)2﹞6H2O,0.102708598,48.7,0.885293583,25,24,0,none,0,1,0,0,20,25,0,950,2,,1,0.5,,10,950,0.5,1,1.14,1556,,,,0.96,0.78,6.4,1600,,,0
Graphene Graphene坼Tube Nanocomposites Templated from Cage坼Containing Metal坼Organic Frameworks for Oxygen Reduction in Li每O2 Batteries,2013,N-Fe-MOF-catalyst,0,0,0,0,0,0,0.0097,0.0269,0.0158,0,,,,,,,,,,0,,,,6,iron acetate,0.75,1,27,0.125,Co(SCN)2,,,,,,25,336,1,"4∩-(4-pyridyl)-4,2∩,6∩,4∩-terpyridine",0.125,0,1,0,130,25,0,1000,1,,1,0.5,,,1000,3,0,,449,,,,,0.79,3.7,900,,,0
Phthalocyanine Precursors To Construct Atomically Dispersed Iron Electrocatalysts,2019,C-FePc(CN)8/ZIF-8,0,0,0,0,0,0,0.026,0.0267,,0,,,,,,,,,,0,,,,0.1,FePc(CN)8,0.003322259,0,0,0,none,6,Zn(NO3)2﹞6H2O,0.199335548,24,0.797342193,25,18,0,none,0,1,0,0,130,25,0,1000,5,3,0,0,25,0,25,0,0,,1168.43,,,,,0.792,5.5,1600,0.6,,0
Phthalocyanine Precursors To Construct Atomically Dispersed Iron Electrocatalysts,2019,C-(Fe(NO3)3+FePc(CN)8)/ZIF-8,0,0,0,0,0,0,0.028,0.0277,,0,,,,,,,,,,0,,,,0.1,FePc,0.003322259,0.12,26,0.003986711,Fe(NO3)3﹞9H2O,5.88,Zn(NO3)2﹞6H2O,0.195348837,24,0.797342193,25,18,0,none,0,1,0,0,200,25,0,1000,5,3,0,0,25,0,25,0,0,,,,,,,0.811,,1600,0.6,,0
Non坼Precious Metal Catalysts Prepared By Zeolitic Imidazolate Frameworks The Ligand Influence to Morphology and Performance,2016,,0,0,0,0,0,0,,0.0567,,0,,,,,,,,,,0,,,,,"1,10-phenanthroline iron (II) perchlorate (TPI)",,0,0,0,none,1,ZnO,0.333333333,2,0.666666667,180,18,0,none,0,1,0,0,25,25,0,1050,0.5,,1,1,,1,25,0,0,,1270,,,,0.91,0.778,4.9,1600,,,0
Monodispersed Co in Mesoporous Polyhedrons: Fine-tuning of ZIF-8 Structure with Enhanced Oxygen Reduction Activity,2017,xCo-N-C,0,0,0,0,0,0,0,0.0567,,0,,,,,,,,,,0,,,,0,none,0,3,27,0.05,Co(NO3)2﹞6H2O,9,Zn(NO3)2﹞6H2O,0.15,48,0.8,25,1,0,none,0,1,0,0,200,25,0,850,2,5,0,0,25,0,25,0,0,,2195,,,,,0.751,6.3,1600,0.45,,0
※Wiring§ Fe坼Nx坼Embedded Porous Carbon Framework onto 1D Nanotubes for Efficient Oxygen Reduction Reaction in Alkaline and Acidic Media,2017,pCNT@Fe@GL,0,0,0,0,0,0,0.003,0.072,0.0968,0,0.0334,0.00504,0.0324,0.0036,0.448683503,0.067705535,0.435249866,0.048361096,0.032305212,1,0.004874799,0.03133799,0.0002592,,FeCl3,,0,0,0,none,,Zn(NO3)2﹞6H2O,,,,,,0,none,0,0,0,1,100,25,0,950,3,,0,0,25,0,25,0,0,,1112,0,100,0,0.911,0.82,5.5,1600,0.6,,1
Well-Defined ZIF-Derived Fe每N Codoped Carbon Nanoframes as Efficient Oxygen Reduction Catalysts,2017,C-FeZIF-900-0.84,0,0,0,0,0,0,,0.0774,,0,0.0275,0.01461,0.02975,0.005541,0.355292567,0.188757251,0.384361959,0.071588222,0.027499645,1,0.014609811,0.029749616,0.000428873,0.7079, iron(III) acetylacetonate,0.030962149,0,0,0,none,0.84,Zn(NO3)2﹞6H2O,0.036739942,21.3155,0.932297908,25,24,0,none,0,1,0,0,200,25,0,900,4,5,1,0.5,,12,900,3,0,1.19,926,0.06765,0.1272,0.80515,0.9,0.77,7,900,0.5,,0
Exploring Fe坼Nx?for Peroxide Reduction: Template坼Free Synthesis of Fe坼Nx?Traumatized Mesoporous Carbon Nanotubes as an ORR Catalyst in Acidic and Alkaline Solutions,2018,Fe-N-C,0,0,0,0,0,0,,0.0567,,0,0.437,0.117,0.2972,0.116,0.451819686,0.120967742,0.307278743,0.11993383,0.025618176,1,0.006858871,0.017422705,0.0065772,,Fe(acac)2,0,0,0,0,none,,Zn(NO3)2,,,,120,12,0,none,0,1,0,0,1200,25,0,900,3,,0,0,,,25,0,0,0.83,993,,,,0.927,0.817,4.55,1600,0.45,,0
Structural and mechanistic basis for the high activity of Fe每N每C catalysts toward oxygen reduction,2016,FePhenMOF每ArNH3,0,0,0,0,0,0,0.005,0.0531,0.0393,0,,,,,,,,,,0,,,,0.228,iron(ii) acetate,,0,0,,none,9.95,ZnO,,19.9756,,400,1, 0.401 ; 16.61,"ammonia sulfate;1,10-phenanthroline monohydrate",,0,1,0,,25,0,1050,1,15,1,0.1,80,12,1050,0.25,1,,1360,,,,0.98,0.78,6.5,1600,0.6,,0
"Preparation of Fe每N每C catalysts with FeNx?(x?= 1, 3, 4) active sites and comparison of their activities for the oxygen reduction reaction and performances in proton exchange membrane fuel cells",2019,Fe-N-C-300,0,0.0086,0,0,0,0,0.0025,0.0684,0.05219,0,0.04031,0.01685,0.005458,0.001758,0.62616503,0.261743507,0.084783149,0.027308314,0.042829688,1,0.017903256,0.005799167,0.000120247,0.08445,FeCl3﹞6H2O,0.00218794,0,0,0,none,17.7218,(Zn(NO3)2.6H2O˙ ZnO,0.459138374,20.7917,0.538673686,220,26,0,none,0,0,0,1,100,25,0,1000,1,,0,0,25,0,300,,0,,948,100,0,0,0.769,0.581,5,1600,0.4,38.6,0
"Preparation of Fe每N每C catalysts with FeNx?(x?= 1, 3, 4) active sites and comparison of their activities for the oxygen reduction reaction and performances in proton exchange membrane fuel cells",2019,Fe-N-C-500,0,0.0077,0,0,0,0,0.002,0.06726,0.05281,0,0.04061,0.01499,0.00606,0.001479,0.643184086,0.237412693,0.095978714,0.023424508,0.043260562,1,0.015968378,0.006455528,9.95E-05,0.08445,FeCl3﹞6H2O,0.00218794,0,0,0,none,17.7218,(Zn(NO3)2.6H2O˙ ZnO,0.459138374,20.7917,0.538673686,220,26,0,none,0,0,0,1,100,25,0,1000,1,,0,0,25,0,500,,0,,1054,100,0,0,0.811,0.662,4.7,1600,0.4,25.5,0
"Preparation of Fe每N每C catalysts with FeNx?(x?= 1, 3, 4) active sites and comparison of their activities for the oxygen reduction reaction and performances in proton exchange membrane fuel cells",2019,Fe-N-C-1000,0,0.0045,0,0,0,0,0.0022,0.05126,0.05514,0,0.02992,0.01219,0.005859,0.000574,0.616360752,0.251117566,0.120697114,0.011824568,0.031594652,1,0.012872286,0.006186934,2.94E-05,0.08445,FeCl3﹞6H2O,0.00218794,0,0,0,none,17.7218,(Zn(NO3)2.6H2O˙ ZnO,0.459138374,20.7917,0.538673686,220,26,0,none,0,0,0,1,100,25,0,1000,1,,0,0,25,0,1000,,0,,1188,100,0,0,0.894,0.804,5.1,1600,0.4,10.5,0
High Power Density Platinum Group Metal-free Cathodes for Polymer Electrolyte Fuel Cells,2019,Fe-MOF-40nm-i/c=0.1,0,0,0,0,0,0,,0.0567,,0,,,,,,,,,,1,,,,0.2924,Fe(NO3)3﹞9H2O,0.004907959,0,0,0,none,11.294,Zn(NO3)2﹞6H2O,0.189570755,47.9903,0.805521286,60,24,0,none,0,1,0,0,40,25,0,1100,1,,0,0,25,0,25,0,0,,,,,,0.95,0.87,5.1,900,0.8,,1
High Power Density Platinum Group Metal-free Cathodes for Polymer Electrolyte Fuel Cells,2019,Fe-MOF-150nm-i/c=0.4,0,0,0,0,0,0,,0.0567,,0,,,,,,,,,,1,,,,0.2924,Fe(NO3)3﹞9H2O,0.004907959,0,0,0,none,11.294,Zn(NO3)2﹞6H2O,0.189570755,47.9903,0.805521286,60,24,0,none,0,1,0,0,150,25,0,1100,1,,0,0,25,0,25,0,0,,,,,,0.95,0.87,3.67,900,0.8,,1
