Title,Year,Sample Name,Pt Content (wt. %),Zn Content (wt. %),Mn Cotent (wt. %),Cu Cotent (wt. %),Co Cotent (wt. %),Cr Content (wt. %),Fe Cotent (wt. %),N Content (at. %),O Content (at. %),S Content (at. %),Pyridinic Ratio,Pyrrolic Ratio,Graphitic Ratio,Oxidized Ratio,main metal in precursor (mmol),Fe precursor type name,Fe Precursor Ratio,Second metal in precursor (Co/Ni 脹) (mmol),second metal atomic number,second metal pre ratio,Second metal precursor type name,Zn in precursor (mmol),Zn precursor type,Zn Precursor Ratio,2-methylimidazole (mmol),2-Methylimidazole Precursor Ratio,ZIF Preparation Temperature (⊥),ZIF Preparation Time (h),氝樓撙 mmol,氝樓撙 type,Additive (Other) Precursor Ratio,One-Pot Method,Post-Adsorb Method,Carbon-Derivative Adsorb Method,diameter/nm,Pyrolysis Temperature in amonia /⊥,Pyrolysis Time amonia/h,Pyrolysis Temperature (⊥),Pyrolysis Time (h),Temperature Rising Rate (⊥ min-1),Acid Wash,Acid concentration (M),Acid wash temperature/⊥,Acid wash time/h,Second Pyrolysis temperature /⊥,Second Pyrolysis time /h,Seconde Pyrolysis,Raman ID/IG Ratio,BET Surface Area (m2 g-1),Micropore ratio,Mesopore ratio,Macropore ratio,Onset Potential in Acid Condition (vs. RHE),Half Wave Potential in Acid Condition (vs. RHE),Limiting current,Rotating Speed (rpm),Catalyst Loading on RDE/RRDE(mg cm-2),Durability in O2 mV/10000Cycle
Atomic Fe-Doped MOF-Derived Carbon Polyhedrons with High Active-Center Density and Ultra-High Performance toward PEM Fuel Cells,2019,C-Fe-ZIF-1.44-950,0,0,0,0,0,0,0.01,0.0551,,0,0.509811113,0.093526499,0.303135889,0.093526499,,ferrocene,0.001,0,0,0,none,2.7137,Zn(NO3)2﹞6H2O,0.069132337,36.54,0.930867663,25,24,0,none,0,0,0,1,399,25,0,950,3,5,1,1,80,12,950,3,0,,1255,0.36408,0.63592,0,0.91,0.78,5.98,1600,0.5,
Atomically dispersed manganese catalysts for oxygen reduction in proton-exchange membrane fuel cells,2018,20Mn-NC,0,0,0.0133,0,0,0,0,0.022,0.011,0,0.42,0.01,0.48,0.1,0,none,0,8,25,0.0625,Mn,40,Zn(NO3)2﹞6H2O,0.3125,80,0.625,120,24,0,none,0,1,0,0,50,25,0,1100,1,,0,0,25,0,25,0,0,1.38,699,0.447,0.384,0.169,0.85,0.675,3.4,900,0.8,
Atomically dispersed manganese catalysts for oxygen reduction in proton-exchange membrane fuel cells,2018,20Mn-NC-first,0,0,0.0068,0,0,0,0,0.022,0.011,0,0.352882704,0.01,0.551689861,0.095427435,0,none,0,8,25,0.0625,Mn,40,Zn(NO3)2﹞6H2O,0.3125,80,0.625,120,24,0,none,0,1,0,0,50,25,0,1100,1,,1,1,80,5,25,0,0,1.34,821,0.443,0.355,0.202,0.85,0.654,3.75,900,0.8,
Atomically dispersed manganese catalysts for oxygen reduction in proton-exchange membrane fuel cells,2018,20Mn-NC-second,0,0,0.0303,0,0,0,0,0.013,0.011,0,0.301204819,0.01,0.602409639,0.096385542,0,none,0,8,25,0.047619048,Mn,40,Zn(NO3)2﹞6H2O,0.238095238,80,0.476190476,120,24,40,cyanamide,0.238095238,0,0,1,50,25,0,1100,1,,1,1,80,5,900,3,0,1.28,658,0.21283,0.52152,0.26565,1,0.8,3.2,900,0.8,10
Bimetallic-organic framework-derived hierarchically porous Co-Zn-N-C as efficient catalyst for acidic oxygen reduction reaction,2019,HC-5Co95Zn,0,0.0125,0,0,0.0252,0,0,0.0311,0.1664,0,0.663987138,0.026045016,0.271061093,0.038906752,0,none,0,0.125,27,0.004537205,Co(NO3)2﹞H2O,2.375,Zn(NO3)2﹞6H2O,0.086206897,25,0.907441016,40,24,0.05,P123,0.001814882,1,0,0,20,25,0,900,3,5,0,0,25,0,25,0,0,1.02,1539,0,0.55081,0.44919,0.88,0.78,5.2,1600,,
Controllable synthesis of CoN3 catalysts derived from Co/Zn-ZIF-67 for electrocatalytic oxygen reduction in acidic electrolytes,2019,CoN3@NC-7-1000,0,0,0,0,,0,0,,,0,0.440250943,0.45635012,0.103398937,0.01,0,none,0,2.06,27,0.013795875,Co(NO3)2﹞H2O,27.29,Zn(NO3)2﹞6H2O,0.182761854,119.97,0.803442272,25,0.25,0,none,0,1,0,0,1750,25,0,1000,2,5,0,0,25,0,25,0,0,0.98,1037,1,0,0,0.82,0.72,5.5,1600,0.58,
Design of N Coordinated Dual-Metal Sites: A Stable and Active PtFree Catalyst for Acidic Oxygen Reduction Reaction,2017,"(Fe,Co)N-C",0,0,0,0,0.0117,0,0.0093,0.09069,,0,0.25529,0.52344,0.22127,0.01,1.87,FeCl3,0.14247619,1.87,27,0.14247619,Co(NO3),1.87,Zn(NO3)2﹞6H2O,0.14247619,7.515,0.572571429,25,6,0,none,0,1,0,0,650,25,0,900,2,5,0,0,25,0,25,0,1,,,,,,1.06,0.863,5.9,1600,1.095,
Environmental-Friendly Solid Synthesis of Fe-N-C Electrocatalyst with Fe Exclusively in Atomically Dispersed Fe-N4 Moieties for High-Power Proton Exchange Membrane Fuel Cells,2017,Fe2-Z8-C,0,0,0,0,0,0,0.03,,,0,0.42,0.18,0.175,0.225,0.062,FeAc,0.000954404,0,0,0,none,7.9,Zno,0.121609556,57,0.87743604,220,18,0,none,0,1,0,0,130,25,0,1000,2,10,0,0,25,0,25,0,0,1.26,1264.9,0.91894,0.08106,0,0.902,0.805,5.5,1600,0.4,
Environmental-Friendly Solid Synthesis of Fe-N-C Electrocatalyst with Fe Exclusively in Atomically Dispersed Fe-N4 Moieties for High-Power Proton Exchange Membrane Fuel Cells,2017,Z8-Fe2-C,0,0,0,0,0,0,0.03,,,0,0.363636364,0.202020202,0.181818182,0.252525253,0.062,FeAc,0.00326775,0,0,0,none,4.4168,Zn(NO3)2﹞6H2O,0.23279029,14.4945,0.763941961,25,24,0,none,0,0,1,0,1000,25,0,1000,2,10,0,0,25,0,25,0,0,,,,,,0.85,0.76,5.5,1600,0.4,
g-C3N4 promoted MOF derived hollow carbon nanopolyhedra doped with high density/fraction of single Fe atoms as an ultra-high performance nonprecious catalyst towards acidic ORR and PEM fuel cells,2019,C-FeHZ8@g-C3N4-950,0,0,0,0,0,0,0.0317,0.0657,,0,0.532724505,0.080669711,0.316590563,0.070015221,,Fe(acac)2,,0,0,0,none,3.3614,Zn(NO3)3.6H2O,0.043780542,48.721,0.634566493,25,24,24.696,g-C3N4,0.321652965,0,1,0,300,25,0,950,3,2,1,1,25,12,950,3,0,1.03,754,0,0.20057,0.79943,0.9,0.78,5.3,1600,0.5,
Hierarchically Ordered Porous Carbon with Atomically Dispersed FeN4 for Ultraefficient Oxygen Reduction Reaction in Proton-Exchange Membrane Fuel Cells,2020,FeN4/C,0,0.0258,0,0,0,0,0.0147,0.0454,0.0244,0,0.248017621,0.01,0.453964758,0.298017621,,Fe no3,,0,0,0,none,0.02,,0.170940171,0.097,0.829059829,25,24,0,none,0,1,0,0,868,25,0,1000,2,,0,0,25,0,25,0,0,2.38,757.37,0.2,0.8,0,0.9,0.8,4.2,1600,,
Hierarchically Ordered Porous Carbon with Atomically Dispersed FeN4 for Ultraefficient Oxygen Reduction Reaction in Proton-Exchange Membrane Fuel Cells,2020,FeN4/CHOPC,0,0.0247,0,0,0,0,0.0146,0.0535,0.0287,0,0.241448692,0.01,0.442655936,0.315895372,,Fe no3,,0,0,0,none,0.02,,0.170940171,0.097,0.829059829,25,24,0,none,0,1,0,0,868,25,0,1000,2,,0,0,25,0,25,0,0,,1483.2,0.8,0.2,0,0.86,0.72,4.8,1600,,
Highly active atomically dispersed CoN4 fuel cell cathode catalysts derived from surfactant-assisted MOFs: carbon-shell confinement strategy,2018,Co-N-C without surfactant,0,0,0,0,0.042,0,0,0.061,0.021,0,0.376237624,0.01,0.440594059,0.183168317,4,,0.076923077,0,0,0,none,9,,0.173076923,39,0.75,60,0.5,0,none,0,1,0,0,850,25,0,900,3,30,1,2,50,5,25,0,0,1.44,324,0.52,0.35,0.13,0.93,0.79,3.68,900,0.8,
Highly active atomically dispersed CoN4 fuel cell cathode catalysts derived from surfactant-assisted MOFs: carbon-shell confinement strategy,2018,Co-N-C @SDS,0,0,0,0,0.048,0,0,0.074,0.065,0,0.453,0.01,0.412,0.135,4,,0.072111051,0,0,0,none,9,,0.162249865,39,0.703082747,60,0.5,3.47,SDS,0.062556337,1,0,0,720,25,0,900,3,30,1,2,50,5,25,0,0,1.49,479,0.65,0.16,0.19,0.93,0.81,3.7,900,0.8,
Highly active atomically dispersed CoN4 fuel cell cathode catalysts derived from surfactant-assisted MOFs: carbon-shell confinement strategy,2018,Co-N-C @CTAB,0,0,0,0,0.05636,0,0,0.048,0.055,0,0.432432432,0.01,0.44044044,0.127127127,4,,0.073072707,0,0,0,none,9,,0.164413592,39,0.712458897,60,0.5,2.74,CTAB,0.050054805,1,0,0,420,25,0,900,3,30,1,2,50,5,25,0,0,1.5,500,0.71,0.07,0.22,0.93,0.82,3.7,900,0.8,
Highly active atomically dispersed CoN4 fuel cell cathode catalysts derived from surfactant-assisted MOFs: carbon-shell confinement strategy,2018,Co-N-C @PVP,0,0,0,0,0.05314,0,0,0.056,0.073,0,0.445362718,0.01,0.330578512,0.22405877,4,,0.076886112,0,0,0,none,9,,0.172993753,39,0.749639596,60,0.5,0.025,PVP,0.000480538,1,0,0,100,25,0,900,3,30,1,2,50,5,25,0,0,1.48,426,0.27,0.13,0.6,0.93,0.82,3.7,900,0.8,
Highly active atomically dispersed CoN4 fuel cell cathode catalysts derived from surfactant-assisted MOFs: carbon-shell confinement strategy,2018,Co-N-C@F127,0,0.024,0,0,0.062,0,0,0.091,0.024,0,0.479442489,0.01,0.496558309,0.023999202,4,,0.07680639,0,0,0,none,9,,0.172814378,39,0.748862305,60,0.5,0.079,F127,0.001516926,1,0,0,250,25,0,900,3,30,1,2,50,5,25,0,0,1.52,825,0.94,0.01,0.05,0.93,0.84,3.9,900,0.8,13.3
"Highly Efficient Fe-N-C Electrocatalyst for Oxygen Reduction Derived from Core-Shell-Structured Fe(OH)3@Zeolitic Imidazolate Framework
Framework",2019,C?Fe(OH)3@ ZIF-1000,0,0,0,0,0,0,0.03,0.0578,,0,0.407279029,0.022530329,0.551126516,0.019064125,0.8,FeCl3,0.003557105,0,0,0,none,28,Zn(NO3)2﹞6H2O,0.124498671,196.102,0.871944225,25,24,0,none,0,0,1,0,59,25,0,1000,2,5,1,1,80,6,25,0,0,1.03,1021,0.20475,0.61965,0.1756,0.91,0.8,5,1600,0.6,26
High-performance fuel cell cathodes exclusively containing atomically dispersed iron active sites,2020,"1,5Fe-ZIF",0,0.01,0,0,0,0,0.021,0.045,,0,0.596546311,0.141287284,0.050235479,0.211930926,0.1695,,0.002850201,0,0,0,none,11.3,,0.190013368,48,0.807136431,60,24,0,none,0,1,0,0,79.935,25,0,1100,1,,0,0,25,0,25,0,0,0.84,640,0.84429,0,0.15571,1,0.88,4.5,900,0.8,7.5
Identification of binuclear Co2N5 active sites for oxygen reduction reaction with more than one magnitude higher activity than single atom CoN4 site,2019,Co-N-C-10,0,0,0,0,0.043,0,0,0.0517,0.041,0,0.513618677,0.194552529,0.291828794,0.01,0,none,0,0.68,27,0.015704388,Co(NO3)2.H2O,6.12,Zn(NO3)2﹞6H2O,0.141339492,36.5,0.84295612,25,24,0,none,0,1,0,0,,25,0,900,1,5,0,0,25,0,25,0,0,1.25,830,0.45982,0.4936,0.04657,0.92,0.79,6,1600,0.4,6
Identification of binuclear Co2N5 active sites for oxygen reduction reaction with more than one magnitude higher activity than single atom CoN4 site,2019,Co-N-C-50,0,0,0,0,0.014,0,0,0.067,0.341,0,0.494768311,0.278026906,0.227204783,0.01,0,none,0,3.4,27,0.07852194,Co(NO3)2.H2O,3.4,Zn(NO3)2﹞6H2O,0.07852194,36.5,0.84295612,25,24,0,none,0,1,0,0,,25,0,900,1,5,0,0,25,0,25,0,0,1.25,830,0.28965,0.63437,0.07599,0.88,0.73,5.8,1600,0.4,6
Is iron involved in the lack of stability of Fe/N/C electrocatalysts used to reduce oxygen at the cathode of PEM fuel cells?,2016,NC_Ar+NH3,0,0,0,0,0,0,0.0603,0.0482,0.0292,0,0.502074689,0.010373444,0.334024896,0.153526971,0.3678,FeAc,0.00336749,0,0,0,none,21.3,,0.195017799,85.333,0.781288912,,,2.22,1-10 phen,0.020325799,0,1,0,,25,0,1050,1,,0,0,25,0,950,0.25,1,,731,0.85636,0.14364,0,0.96,0.85,5,1500,0.817,
Is iron involved in the lack of stability of Fe/N/C electrocatalysts used to reduce oxygen at the cathode of PEM fuel cells?,2016,MOF_Ar+NH3(5min),0,0,0,0,0,0,0.00055,0.0648,0.0269,0,0.458333333,0.063271605,0.367283951,0.111111111,0.3678,FeAc,0.00336749,0,0,0,none,21.3,,0.195017799,85.333,0.781288912,,,2.22,1-10 phen,0.020325799,0,1,0,,25,0,1050,1,,0,0,25,0,950,0.083,1,,894,0.94855,0.05145,0,0.88,0.73,5,1500,0.817,
Is iron involved in the lack of stability of Fe/N/C electrocatalysts used to reduce oxygen at the cathode of PEM fuel cells?,2016,MOF_Ar+NH3(20min),0,0,0,0,0,0,0.00256,0.0479,0.0163,0,0.461377871,0.029227557,0.361169102,0.14822547,0.3678,FeAc,0.00336749,0,0,0,none,21.3,,0.195017799,85.333,0.781288912,,,2.22,1-10 phen,0.020325799,0,1,0,,25,0,1050,1,,0,0,25,0,950,0.33,1,,1257,0.88305,0.11695,0,0.88,0.73,5,1500,0.817,
Is iron involved in the lack of stability of Fe/N/C electrocatalysts used to reduce oxygen at the cathode of PEM fuel cells?,2016,MOF_Ar+NH3(10min),0,0,0,0,0,0,0.00106,0.0698,0.026,0,0.437677054,0.066572238,0.325779037,0.169971671,0.3678,FeAc,0.00336749,0,0,0,none,21.3,,0.195017799,85.333,0.781288912,,,2.22,1-10 phen,0.020325799,0,1,0,,25,0,1050,1,,0,0,25,0,950,0.167,1,,923,0.93391,0.06609,0,0.88,0.73,5,1500,0.817,
Is iron involved in the lack of stability of Fe/N/C electrocatalysts used to reduce oxygen at the cathode of PEM fuel cells?,2016,MOF_Phen_Ar+NH3,0,0,0,0,0,0,0.00072,0.0742,0.016,0,0.471698113,0.080862534,0.334231806,0.113207547,0.3678,FeAc,0.00336749,0,0,0,none,21.3,,0.195017799,85.333,0.781288912,,,2.22,1-10 phen,0.020325799,0,1,0,,25,0,1050,1,,0,0,25,0,950,0.1,1,,1140,0.95351,0.04649,0,0.83,0.7,4.6,1500,0.817,
Networking Pyrolyzed Zeolitic Imidazolate Frameworks by Carbon Nanotubes Improves Conductivity and Enhances Oxygen-Reduction Performance in Polymer-ElectrolyteMembrane Fuel Cells,2017,ZIF'-FA-P,0,0.0032,0,0,0,0,0.0532,0.07432,0.10185,0,,,,,0.2825,Fe(NO3)3﹞9H2O,0.005570893,0,0,0,none,5.3675,Zn(NO3)2﹞6H2O,0.105846973,45.06,0.888582134,25,24,0,NONE,0,1,0,0,84,25,0,950,2,5,0,0,25,0,25,0,0,,904.5,0.28811,0.71189,0,0.9,0.82,6.25,1600,0.5,
Networking Pyrolyzed Zeolitic Imidazolate Frameworks by Carbon Nanotubes Improves Conductivity and Enhances Oxygen-Reduction Performance in Polymer-ElectrolyteMembrane Fuel Cells,2017,ZIF'-CNT-P,0,0.0003,0,0,0,0,0.0509,0.07722,0.11,0,,,,,0.2825,Fe(NO3)3﹞9H2O,0.004784892,0,0,0,none,5.3675,Zn(NO3)2﹞6H2O,0.09091294,45.06,0.763211382,25,24,8.33,CNT,0.141090786,1,0,0,,25,0,950,2,5,0,0,25,0,25,0,0,,495.99,0.25259,0.74741,0,0.9,0.81,5.5,1600,0.5,
Networking Pyrolyzed Zeolitic Imidazolate Frameworks by Carbon Nanotubes Improves Conductivity and Enhances Oxygen-Reduction Performance in Polymer-ElectrolyteMembrane Fuel Cells,2017,ZIF'-P,0,0.0092,0,0,0,0,0.0553,0.07288,0.12901,0,,,,,0.2825,Fe(NO3)3﹞9H2O,0.005570893,0,0,0,none,5.3675,Zn(NO3)2﹞6H2O,0.105846973,45.06,0.888582134,25,24,0,NONE,0,1,0,0,,25,0,950,2,5,0,0,25,0,25,0,0,,706.3,0.35408,0.64592,0,0.9,0.81,6.5,1600,0.5,
Networking Pyrolyzed Zeolitic Imidazolate Frameworks by Carbon Nanotubes Improves Conductivity and Enhances Oxygen-Reduction Performance in Polymer-ElectrolyteMembrane Fuel Cells,2017,ZIF'-FA-CNT-P,0,0.0002,0,0,0,0,0.0518,0.08448,0.09894,0,,,,,0.2825,Fe(NO3)3﹞9H2O,0.004784892,0,0,0,none,5.3675,Zn(NO3)2﹞6H2O,0.09091294,45.06,0.763211382,25,24,8.33,CNT,0.141090786,1,0,0,,25,0,950,2,5,0,0,25,0,25,0,0,,507.66,0.19964,0.80036,0,0.95,0.8,5.8,1600,0.5,
Nitrogen-Coordinated Single Cobalt Atom Catalysts for Oxygen Reduction in Proton Exchange Membrane Fuel Cells,2018,20-Co-NC-1100,0,0,0,0,0.0124,0,0.0172,0.036,0.029,0,0.353389312,0.01,0.56253128,0.084079408,6,Co,0.032258065,0,0,0,none,20,Zn(NO3)2﹞6H2O,0.107526882,160,0.860215054,25,24,0,none,0,1,0,0,51.76,25,0,1100,1,,0,0,25,0,25,0,0,0.95,565,0.14338,0.54014,0.31649,0.93,0.8,4,900,0.8,30
Seeded growth of branched ironenitrogen-doped carbon nanotubes as a high performance and durable non-precious fuel cell cathode,2020,Fe-ZIF',0,0,0,0,0,0,,,,0,,,,,0.2,Fe(acac)3,0.019607843,0,0,0,none,2,Zn(NO3)2﹞6H2O,0.196078431,8,0.784313725,120,4,0,none,0,1,0,0,,25,0,900,3,,0,0,25,0,25,0,0,,980,0.29,0.71,0,0.89,0.765,6,1600,0.4,
Seeded growth of branched ironenitrogen-doped carbon nanotubes as a high performance and durable non-precious fuel cell cathode,2020,Fe-ZIF＊/CNT-1,0,0,0,0,0,0,0.049,0.033,,0,,,,,0.1,Fe(acac)3,0.00990099,0,0,0,none,1,Zn(NO3)2﹞6H2O,0.099009901,4,0.396039604,120,4,5,CNT,0.495049505,1,0,0,,25,0,900,3,,0,0,25,0,25,0,0,,626,0.22,0.78,0,0.89,0.77,5.5,1600,0.4,
Seeded growth of branched ironenitrogen-doped carbon nanotubes as a high performance and durable non-precious fuel cell cathode,2020,Fe-ZIF＊/CNT-2,0,0,0,0,0,0,0.049,0.033,,0,,,,,0.2,Fe(acac)3,0.013157895,0,0,0,none,2,Zn(NO3)2﹞6H2O,0.131578947,8,0.526315789,120,4,5,CNT,0.328947368,1,0,0,,25,0,900,3,,0,0,25,0,25,0,0,,622,0.25,0.75,0,0.89,0.77,5.1,1600,0.4,
Thermally Driven Structure and Performance Evolution of Atomically Dispersed Fe-N4 Sites for Oxygen Reduction,2019,ZIF-NC-0.5Fe-700,0,0.004,0,0,0,0,0.0112,0.034,0.019,0,0.403772473,0.01,0.457942823,0.138284704,0.1756,FeCl3,0.001475824,0,0,0,none,22.82828,Zn(NO3)2﹞6H2O,0.191859469,95.9805,0.806664707,25,24,0,none,0,0,0,1,,25,0,700,1,30,0,0,25,0,25,0,0,1.71,396,0.12125,0.57044,0.30831,1,0.84,4,900,0.6,10.33
Thermally Driven Structure and Performance Evolution of Atomically Dispersed Fe-N4 Sites for Oxygen Reduction,2019,ZIF-NC-0.5Fe-400,0,0.007,0,0,0,0,0.0033,0.032,0.022,0,0.399,0.01,0.471,0.13,0.1756,FeCl3,0.001475824,0,0,0,none,22.82828,Zn(NO3)2﹞6H2O,0.191859469,95.9805,0.806664707,25,24,0,none,0,0,0,1,,25,0,400,1,30,0,0,25,0,25,0,0,1.71,396,0.12125,0.57044,0.30831,1,0.78,4,900,0.6,
Thermally Driven Structure and Performance Evolution of Atomically Dispersed Fe-N4 Sites for Oxygen Reduction,2019,ZIF-NC-0.5Fe-1100,0,0,0,0,0,0,0.0128,0.022,0.017,0,0.29,0.01,0.565,0.145,0.1756,FeCl3,0.001475824,0,0,0,none,22.82828,Zn(NO3)2﹞6H2O,0.191859469,95.9805,0.806664707,25,24,0,none,0,0,0,1,,25,0,1100,1,30,0,0,25,0,25,0,0,1.71,396,0.12125,0.57044,0.30831,1,0.79,4,900,0.6,
Two-step pyrolysis of ZIF-8 functionalized with ammonium ferric citrate for efficient oxygen reduction reaction,2017,C-ZIF-8 (4/2),0,0,0,0,0,0,0.052,0.044,,0,,,,,0.64285,ammonium ferric citrate,0.001782511,0,0,0,none,40,Zn(NO3)2﹞6H2O,0.110913054,320,0.887304434,25,48,0,none,0,0,1,0,,25,0,900,4,3,1,0.5,80,10,900,2,1,0.99,1323.7,0.12926,0.87074,0,0.95,0.76,6.8,1600,0.622,12
Two-step pyrolysis of ZIF-8 functionalized with ammonium ferric citrate for efficient oxygen reduction reaction,2017,C-ZIF-8 (2/0),0,0,0,0,0,0,0.012,0.117,,0,,,,,0.64285,ammonium ferric citrate,0.001782511,0,0,0,none,40,Zn(NO3)2﹞6H2O,0.110913054,320,0.887304434,25,48,0,none,0,0,1,0,,25,0,900,2,3,1,0.5,80,10,25,0,0,0.95,622.4,0.6535,0.3464,0,0.95,0.68,5.8,1600,0.622,
Two-step pyrolysis of ZIF-8 functionalized with ammonium ferric citrate for efficient oxygen reduction reaction,2017,C-ZIF-8 (2/2),0,0,0,0,0,0,0.047,0.05,,0,,,,,0.64285,ammonium ferric citrate,0.001782511,0,0,0,none,40,Zn(NO3)2﹞6H2O,0.110913054,320,0.887304434,25,48,0,none,0,0,1,0,,25,0,900,2,3,1,0.5,80,10,900,4,1,0.89,1263.9,0.8616,0.1383,0,0.95,0.72,7.5,1600,0.622,
Two-step pyrolysis of ZIF-8 functionalized with ammonium ferric citrate for efficient oxygen reduction reaction,2017,C-ZIF-8 (4/0),0,0,0,0,0,0,0.015,0.102,,0,,,,,0.64285,ammonium ferric citrate,0.001782511,0,0,0,none,40,Zn(NO3)2﹞6H2O,0.110913054,320,0.887304434,25,48,0,none,0,0,1,0,,25,0,900,4,3,1,0.5,80,10,25,0,0,0.97,689,0.7936,0.2063,0,0.95,0.735,6.5,1600,0.622,
MOF-Derived Carbon Networks with Atomically Dispersed Fe每Nx?Sites for Oxygen Reduction Reaction Catalysis in Acidic Media,2019,PAN-Fe-P,0,0,0,0,0,0,0.0058,0.0701,,0,0.2664,0.1971,0.3159,0.2206,,,,0,0,,none,,,,,,,,,"1,10",,0,1,0,,25,0,1000,1,,1,1,80,8,700,1,1,1.97,465,0.6275,0.3724,0,0.82,0.64,4.9,1600,0.4,
MOF-Derived Carbon Networks with Atomically Dispersed Fe每Nx?Sites for Oxygen Reduction Reaction Catalysis in Acidic Media,2019,Z8-Fe-P,0,0,0,0,0,0,0.0058,0.0633,,0,0.2888,0.168,0.2384,0.3048,,,,0,0,,none,,,,,,,,,"1,10",,0,1,0,,25,0,1000,1,,1,1,80,8,700,1,1,2.22,1167,0.4045,0.5955,0,0.869,0.744,5.5,1600,0.4,
MOF-Derived Carbon Networks with Atomically Dispersed Fe每Nx?Sites for Oxygen Reduction Reaction Catalysis in Acidic Media,2019,SA-3DNC,0,0,0,0,0,0,0.0058,0.00707,,0,0.2746,0.1588,0.3972,0.1694,,,,0,0,,none,,,,,,,,,"1,10",,0,1,0,,25,0,1000,1,,1,1,80,8,700,1,1,1.98,,0.3432,0.6567,0,0.906,0.729,6.2,1600,0.4,60
Single Atomic Iron Catalysts for Oxygen Reduction in Acidic Media: Particle Size Control and Thermal Activation,2017,Fe-ZIF-1100 ,0,0.006,0,0,0,0,0.02,0.0221,0.0118,0,0.227272727,0.01,0.613636364,0.159090909,0.025,Fe(NO3)3﹞9H2O,0.004775549,0,0,0,none,1,Zn(NO3)2﹞6H2O,0.191021968,4.21,0.804202483,60,24,0,none,0,1,0,0,45.68,25,0,1100,1,,0,,,,,,0,0.88,624,0.1294,0.4113,0.4593,1,0.85,4.2,900,0.8,20
Metal每Organic-Framework-Derived Fe-N/C Electrocatalyst with Five-Coordinated Fe-Nx?Sites for Advanced Oxygen Reduction in Acid Media,2017,5% Fe-N/C ,0,0,0,0,0,0,,,,0,0.353092784,0.136597938,0.368556701,0.141752577,0.4935,,0.005528173,0,0,0,none,9.3765,,0.105035286,79.4,0.889436541,25,1,0,none,0,1,0,0,218,25,0,900,2,2,1,0.5,80,8,900,2,1,,1036,0.694,0.294,0.012,0.861,0.735,5.2,,,
Metal每Organic-Framework-Derived Fe-N/C Electrocatalyst with Five-Coordinated Fe-Nx?Sites for Advanced Oxygen Reduction in Acid Media,2017,10% Fe-N/C ,0,0,0,0,0,0,,,,0,0.384313725,0.184313725,0.321568627,0.109803922,0.987,,0.011056346,0,0,0,none,8.883,,0.099507113,79.4,0.889436541,25,1,0,none,0,1,0,0,560,25,0,900,2,2,1,0.5,80,8,900,2,1,,774,0.613,0.342,0.045,0.85,0.71,4.55,,,
Metal每Organic-Framework-Derived Fe-N/C Electrocatalyst with Five-Coordinated Fe-Nx?Sites for Advanced Oxygen Reduction in Acid Media,2017,15% Fe-N/C ,0,0,0,0,0,0,,,,0,0.363636364,0.156565657,0.393939394,0.085858586,1.4805,,0.016584519,0,0,0,none,8.3895,,0.09397894,79.4,0.889436541,25,1,0,none,0,1,0,0,332,25,0,900,2,2,1,0.5,80,8,900,2,1,,736,0.509,0.462,0.029,0.82,0.68,4.75,,,
Metal每Organic-Framework-Derived Fe-N/C Electrocatalyst with Five-Coordinated Fe-Nx?Sites for Advanced Oxygen Reduction in Acid Media,2017,25% Fe-N/C ,0,0,0,0,0,0,,,,0,0.314102564,0.173076923,0.461538462,0.051282051,2.4675,,0.027640865,0,0,0,none,7.4025,,0.082922594,79.4,0.889436541,25,1,0,none,0,1,0,0,125,25,0,900,2,2,1,0.5,80,8,900,2,1,,552,0.249,0.708,0.043,0.8,0.605,5.25,,,
ZIF-derived carbons as highly efficient and stable ORR catalyst,2018,ZIF-C,0,0,0,0,0.0178,0,,0.0381,0.0592,0,0.188481675,0.348167539,0.248691099,0.214659686,0,none,0,10,27,0.142857143,Co(NO3)2﹞H2O,,,,60,0.857142857,25,12,0,none,0,1,0,0,328,25,0,900,3,2,1,0.5,80,48,900,3,1,,260.52,,,,0.75,0.6,5.1,1600,0.51,
ZIF-derived carbons as highly efficient and stable ORR catalyst,2018,ZIF-C-KOH,0,0,0,0,0.0031,0,,0.0038,0.6809,0,0.394736842,0.01,0.105263158,0.5,0,none,0,10,27,0.142857143,Co(NO3)2﹞H2O,,,,60,0.857142857,25,12,0,none,0,1,0,0,451.42,25,0,900,3,2,1,0.5,80,48,900,3,1,,342.37,,,,0.75,0.65,5.6,1600,0.51,
ZIF-derived carbons as highly efficient and stable ORR catalyst,2018,ZIF-C/Rg0,0,0,0,0,0.0076,0,,0.0536,0.0517,0,0.167924528,0.509433962,0.096226415,0.226415094,0,none,0,1.066,27,,Co(NO3)2﹞H2O,,,,60,,25,12,10,graphene oxides,,1,0,0,,25,0,900,3,2,1,0.5,80,48,900,3,1,,234.3,,,,0.85,0.72,5.8,1600,0.51,
ZIF-derived carbons as highly efficient and stable ORR catalyst,2018,ZIF-C/rGO-KOH,0,0,0,0,0.0076,0,,0.0374,0.2766,0,0.264705882,0.318181818,0.139037433,0.278074866,0,none,0,1.066,27,,Co(NO3)2﹞H2O,,,,60,,25,12,10,graphene oxides,,1,0,0,310.39,25,0,900,3,2,1,0.5,80,48,900,3,1,,418.75,,,,0.76,0.6,6.5,1600,0.51,
Designing the 3D Architecture of PGM-Free Cathodes for H2 Air Proton Exchange Membrane Fuel Cells,2019,E-ZIF-8(Fe)/PAN-Ar,0,0,0,0,0,0,,,,0,,,,,0.0216,FeCl2﹞4H2O,0.000617115,0,0,0,none,9.98,Zn(NO3)2﹞6H2O,0.285129823,25,0.714253063,25,1,,polyacrylonitrile ,0,1,0,0,,25,0,1050,2,4,0,0,25,0,25,0,0,,322,0,0.0409,0.9591,0.98,0.73,5,1600,0.8,
Hierarchically open-porous carbon networks enriched with exclusive Fe每Nx active sites as efficient oxygen reduction catalysts towards acidic H2每O2 PEM fuel cell and alkaline Zn每air battery,2020, C-FeZIF-8@g-C3N4 ,0,0,0,0,0,0,0.0405,0.066,,0,0.453339345,0.104056468,0.364197638,0.078406549,2.38,ferric acetylacetonate,0.006725444,0,0,0,none,11.2,Zn(NO3)2﹞6H2O,0.031649147,292.68,0.82706002,25,8,47.62, g-C3N4 ,0.134565389,0,1,0,,25,0,950,2,2,0,0,25,0,25,0,0,1.04,525,0,1,0,0.85,0.745,5.1,1600,0.35,
Sulfur-doping achieves efficient oxygen reduction in pyrolyzed zeolitic imidazolate frameworks,2013,ZIF-TTA-p,0,0,0,0,0.2996,0,,0.0991,,0.0151,0.96,0.01,0.01,0.01,4,Co(NO3)2﹞6H2O,0.055555556,0,0,0,none,,,,67,0.930555556,25,6,1,TAA,0.013888889,1,0,0,132.67,25,0,700,0.17,5,0,0,25,0,25,0,0,,382.79,0,1,0,0.88,0.78,5.9,1600,,
"Well-elaborated, mechanochemically synthesized Fe-TPPZIF precursors (Fe-TPP = tetraphenylporphine iron) to atomically dispersed iron每nitrogen species for oxygen reduction reaction and Zn-air batteries",2018,Fe-N/C-1/30,0,0,0,0,0,0,0.038,0.0709,,0,0.395061728,0.21399177,0.390946502,0.01,0.033,Fe-TPP,0.008031933,0,0,0,none,1,ZnO,0.24339191,3,0.730175729,,,0.0756,(NH4)2SO4,0.018400428,1,0,0,183.55,25,0,950,3,2,0,0,25,0,25,0,0,,1009,,,,0.83,0.74,3.8,1600,,
Atomically dispersed Fe-N-C derived from dual metal-organic frameworks as efficient oxygen reduction electrocatalysts in direct methanol fuel cells,2019,ZIF/MIL-10-900,0,0,0,0,0,0,,,,0,0.704003407,0.248722317,0.047274276,0.01,,MIL101(Fe),,0,0,0,none,8,Zn(NO3)2﹞6H2O,0.091954023,79,0.908045977,25,1,0,none,0,0,1,0,18.06,25,0,900,2,5,1,1,25,12,25,0,0,,681,,, ,0.89,0.78,5.9,1600,0.5,
Carbon Thin-Layer-Protected Active Sites for ZIF-8-Derived Nitrogen-Enriched Carbon Frameworks/Expanded Graphite as Metal-Free Catalysts for Oxygen Reduction in Acidic Media,2018,Z8-NCF-P/EG-10,0,0,0,0,0,0,,0.0464,0.0667,0,0.459745305,0.20030218,0.269803583,0.070148932,,,,0,0,0,none,2.45,Zn(NO3)2﹞6H2O,0.060152222,19.88,0.488092315,25,1,18.4, expanded graphite ,0.451755463,1,0,0,26.6,25,0,900,2,2,1,2,25,12,25,0,0,,666,,,,0.903,0.797,6.3,1600,,
Nitrogen-coordinated single iron atom catalysts derived from metal organic frameworks for oxygen reduction reaction,2019,Fe-N-C,0,0,0,0,0,0,,,,0,,,,,0.05,FeSO4﹞6H2O,0.000510204,0,0,0,none,0.95,Zn(NO3)2﹞6H2O,0.009693878,97,0.989795918,25,10,0,none,0,1,0,0,128,25,0,1000,1,5,0,0,25,0,900,0.25,1,,1099.75,,,,0.95,0.81,6,1600,0.56,16
Nitrogen-coordinated single iron atom catalysts derived from metal organic frameworks for oxygen reduction reaction,2019,Fe-N-C,0,0,0,0,0,0,,,,0,,,,,0.03,FeSO4﹞6H2O,0.000306122,0,0,0,none,0.97,Zn(NO3)2﹞6H2O,0.009897959,97,0.989795918,25,10,0,none,0,1,0,0,212,25,0,1000,1,5,0,0,25,0,900,0.25,1,,752.7,,,,0.92,0.77,5.8,1600,0.56, 
Nitrogen-coordinated single iron atom catalysts derived from metal organic frameworks for oxygen reduction reaction,2019,Fe-N-C,0,0,0,0,0,0,,,,0,,,,,0.08,FeSO4﹞6H2O,0.000816327,0,0,0,none,0.92,Zn(NO3)2﹞6H2O,0.009387755,97,0.989795918,25,10,0,none,0,1,0,0,220,25,0,1000,1,5,0,0,25,0,900,0.25,1,,822.02,,,,0.95,0.8,5.5,1600,0.56, 
Nitrogen-coordinated single iron atom catalysts derived from metal organic frameworks for oxygen reduction reaction,2019,Fe-N-C,0,0,0,0,0,0,,,,0,,,,,0.1,FeSO4﹞6H2O,0.001020408,0,0,0,none,0.9,Zn(NO3)2﹞6H2O,0.009183673,97,0.989795918,25,10,0,none,0,1,0,0,345,25,0,1000,1,5,0,0,25,0,900,0.25,1,,601.07,,,,0.97,0.8,5.7,1600,0.56, 
Surface functionalization of ZIF-8 with ammonium ferric citrate toward high exposure of Fe-N active sites for efficient oxygen and carbon dioxide electroreduction,2017,C-AFC?ZIF-8 ,0,0.0345,0,0,0,0,0.0147,0.1015,,0,0.552437223,0.228951256,0.171344165,0.047267356,0.226,C6H11FeNO7,0.007992644,0,0,0,none,13.33,Zn(NO3)2﹞6H2O,0.47142453,14.72,0.520582826,25,48,0,none,0,0,1,0,,25,0,900,4,3,1,1,25,0,25,0,0,1.06,705,,,,0.89,0.75,6,2500,0.622,20
Bimetal-Organic Framework Self-Adjusted Synthesis of Support Free Nonprecious Electrocatalysts for Efficient Oxygen Reduction,2015,Co-N-C,0,0,0,0,0.106,0,0,0.0085,,0,0.522222222,0.477777778,0.01,0.01,0,none,0,2.4,27,0.04,Co(NO3)2﹞6H2O,9.6,Zn(NO3)2﹞6H2O,0.16,48,0.8,25,,0,none,0,1,0,0,206,25,0,900,3,,0,0,25,0,25,0,0,,484,,,,0.82,0.761,7.2,2500,0.6,
Microporous Framework Induced Synthesis of Single-Atom Dispersed Fe-N?C Acidic ORR Catalyst and Its in Situ Reduced Fe?N4 Active Site Identification Revealed by X?ray Absorption Spectroscopy,2017,Fe-N-C-850,0,0,0,0,0,0,0.0035,0.0497,0.0924,0,0.406438632,0.221327968,0.3722334,0.01,1.888,Fe(acac)3,0.020772819,0,0,0,none,10,Zn(NO3)2﹞6H2O,0.110025526,79,0.869201655,25,24,0,none,0,1,0,0,453,25,0,850,1,5,1,1,80,12,25,0,0,1.72,1498,0,0.75,0.25,0.9,0.77,5.8,1600,0.4,
Microporous Framework Induced Synthesis of Single-Atom Dispersed Fe-N?C Acidic ORR Catalyst and Its in Situ Reduced Fe?N4 Active Site Identification Revealed by X?ray Absorption Spectroscopy,2017,Fe-N-C-950,0,0,0,0,0,0,0.0032,0.0328,0.0789,0,0.399390244,0.262195122,0.338414634,0.01,1.888,Fe(acac)3,0.020772819,0,0,0,none,10,Zn(NO3)2﹞6H2O,0.110025526,79,0.869201655,25,24,0,none,0,1,0,0,380,25,0,950,1,5,1,1,80,12,25,0,0,1.57,1323,0,0.757,0.243,0.92,0.78,5.5,1600,0.4,12
Microporous Framework Induced Synthesis of Single-Atom Dispersed Fe-N?C Acidic ORR Catalyst and Its in Situ Reduced Fe?N4 Active Site Identification Revealed by X?ray Absorption Spectroscopy,2017,Fe-N-C-1050,0,0,0,0,0,0,0.0039,0.0263,0.0664,0,0.209125475,0.292775665,0.498098859,0.01,1.888,Fe(acac)3,0.020772819,0,0,0,none,10,Zn(NO3)2﹞6H2O,0.110025526,79,0.869201655,25,24,0,none,0,1,0,0,345,25,0,1050,1,5,1,1,80,12,25,0,0,1.38,1376,0,0.751,0.249,0.9,0.77,5.8,1600,0.4,
Atomic Co/Ni dual sites and Co/Ni alloy nanoparticles in N-doped porous Janus-like carbon frameworks for bifunctional oxygen electrocatalysis,2018,CoPNi-N/C,0,0,0,0,0.015,0,0,0.1029,0.0506,0,0.627793975,0.01,0.372206025,0.01,0,none,0,1.37,27,0.11102107,Co(NO3)2﹞6H2O,,,,10.97,0.88897893,25,4,,Pni,0,1,0,0,591,25,0,750,3,,0,0,25,0,25,0,0,1.03,446.8,0.39,0.61,0,0.86,0.73,5,1600,0.3,
Atomic Co/Ni dual sites and Co/Ni alloy nanoparticles in N-doped porous Janus-like carbon frameworks for bifunctional oxygen electrocatalysis,2018,CoDNi-N/C,0,0,0,0,0.0159,0,0,0.0903,0.0703,0,0.61572536,0.01,0.38427464,0.01,0,none,0,1.37,27,0.11102107,Co(NO3)2﹞6H2O,,,,10.97,0.88897893,25,4,,Dni,0,1,0,0,500,25,0,750,3,,0,0,25,0,25,0,0,1.01,398.3,0.34,0.66,0,0.8,0.705,4,1600,0.3,
Single-Atom Cr-N4 Sites Designed for Durable Oxygen Reduction Catalysis in Acid Media,2019,Cr/N/C-950,0,0.026,0,0,0,0.019,0,0.0493,,0,,,,,0,none,0,0.0375,24,0.004433934,CrCl3﹞6H2O,4,Zn(NO3)2﹞6H2O,0.472953,4.42,0.522613065,25,24,0,none,0,0,1,0,192,25,0,950,1,5,1,,,12,25,0,0,,884.9,0.425,0.575,0,0.82,0.76,5,1600,,
MOF derived catalysts for electrochemical oxygen reduction,2014,ZIF-67-900,0,0.083,0,0,0.3,0,0,0.04,,0,,,,,0,none,0,10,27,0.333333333,Co(Ac)2﹞4H2O,,,,20,0.666666667,120,12,0,none,0,1,0,0,9.2,25,0,900,0.167,10,0,0,25,0,25,0,0,1.75,285.9,0.0937,0.9063,0,0.85,0.71,3.8,,,
Directly converting Fe-doped metal每organic frameworks into highly active and stable Fe-N-C catalysts for oxygen reduction in acid,2016,C-Fe-Z8-Ar,0,0,0,0,0,0,0.0335,0.0688,,0,,,,,5,FeSO4﹞7H2O,0.047192072,0,0,0,none,0.95,Zn(NO3)2﹞6H2O,0.008966494,100,0.943841435,60,12,0,none,0,1,0,0,61.37,25,0,1000,,,0,0,25,0,25,0,0,,969,0.337,0.663,0,0.95,0.82,7.5,1600,0.56,40
"Fe, N co-doped carbonaceous hollow spheres with self-grown carbon nanotubes as a high performance binary electrocatalyst",2019,FeNC-800,0,0.0578,0,0,0,0,0.0476,0.119,0.0462,0,0.582227737,0.041996755,0.261238904,0.114536604,1,FeSO4﹞7H2O,0.02,0,0,0,none,9,Zn(NO3)2﹞6H2O,0.18,40,0.8,150,12,0,none,0,1,0,0,356,25,0,800,3,,1,10,25,24,25,0,0,1.12,446.3,0.278,0.428,0.294,0.838,0.629,6.964,1600,0.32,
"Fe, N co-doped carbonaceous hollow spheres with self-grown carbon nanotubes as a high performance binary electrocatalyst",2019,FeNC-900,0,0.0239,0,0,0,0,0.0467,0.0793,0.0401,0,0.490036629,0.033644939,0.380149627,0.096168805,1,FeSO4﹞7H2O,0.02,0,0,0,none,9,Zn(NO3)2﹞6H2O,0.18,40,0.8,150,12,0,none,0,1,0,0,426,25,0,900,3,,1,10,25,24,25,0,0,1.07,526.6,0.296,0.407,0.297,0.841,0.709,6.834,1600,0.32,
"Fe, N co-doped carbonaceous hollow spheres with self-grown carbon nanotubes as a high performance binary electrocatalyst",2019,FeNC-1000,0,0,0,0,0,0,0.0345,0.0485,0.0359,0,0.354951891,0.089781949,0.399724476,0.155541684,1,FeSO4﹞7H2O,0.02,0,0,0,none,9,Zn(NO3)2﹞6H2O,0.18,40,0.8,150,12,0,none,0,1,0,0,377,25,0,1000,3,,1,10,25,24,25,0,0,1.01,448.9,0.294,0.424,0.282,0.826,0.658,6.558,1600,0.32,
Iron imidazolate framework as precursor for electrocatalysts in polymer electrolyte membrane fuel cells,2012,FelM700,0,0,0,0,0,0,,0.0561,,0,0.569942327,0.189980776,0.04975687,0.190320027,2.69,ferrocene,0.083879015,0,0,0,none,,,,29.38,0.916120985,150,96,0,none,0,1,0,0,,25,0,700,1,,1,1,80,20,700,0.25,1,,360,,,,0.855,0.625,4.3,1600,0.4,
Iron imidazolate framework as precursor for electrocatalysts in polymer electrolyte membrane fuel cells,2012,FelM800,0,0,0,0,0,0,,0.036,,0,0.421686747,0.265060241,0.096385542,0.21686747,2.69,ferrocene,0.083879015,0,0,0,none,,,,29.38,0.916120985,150,96,0,none,0,1,0,0,,25,0,800,1,,1,1,80,20,800,0.25,1,,371,,,,0.859,0.64,4.6,1600,0.4,
Iron imidazolate framework as precursor for electrocatalysts in polymer electrolyte membrane fuel cells,2012,FelM900,0,0,0,0,0,0,,0.096,,0,,,,,2.69,ferrocene,0.083879015,0,0,0,none,,,,29.38,0.916120985,150,96,0,none,0,1,0,0,,25,0,900,1,,1,1,80,20,900,0.25,1,,219,,,,0.816,0.57,4.5,1600,0.4,
Iron imidazolate framework as precursor for electrocatalysts in polymer electrolyte membrane fuel cells,2012,FelM/ZIF-8,0,0,0,0,0,0,,0.045,,0,0.457831325,0.204819277,0.060240964,0.277108434,0.006,FelM,0.000195319,0,0,0,none,1.333,Zn(NO3)2﹞6H2O,0.04339334,29.38,0.956411342,150,96,0,none,0,1,0,0,,25,0,1050,1,,0,0,25,0,950,0.25,1,,572,,,,0.915,0.755,5,1600,0.4,
Non-precious electrocatalysts synthesized from metal每organic frameworks,2014,C700/700,0,0,0,0,0,0,0.074,0.082,,0,0.96,0.01,0.01,0.01,344.72,FeCl2,,0,0,0,none,,,,,,,,0,none,0,1,0,0,,25,0,700,1.5,1,1,1,80,20,700,0.25,1,,647,,,,0.821,0.713,5.6,1500,0.8,
Non-precious electrocatalysts synthesized from metal每organic frameworks,2014,C900/900,0,0,0,0,0,0,0.083,0.035,,0,0.96,0.01,0.01,0.01,344.72,FeCl2,,0,0,0,none,,,,,,,,0,none,0,1,0,0,,25,0,900,1.5,1,1,1,80,20,900,0.25,1,,628,,,,0.889,0.754,4.7,1500,0.8,
Non-precious electrocatalysts synthesized from metal每organic frameworks,2014,C700/950,0,0,0,0,0,0,0.053,0.036,,0,0.96,0.01,0.01,0.01,344.72,FeCl2,,0,0,0,none,,,,,,,,0,none,0,1,0,0,,25,0,700,1.5,1,1,1,80,20,950,0.25,1,,687,,,,0.915,0.811,4.8,1500,0.8,
Non-precious electrocatalysts synthesized from metal每organic frameworks,2014,C900/950,0,0,0,0,0,0,0.076,0.034,,0,0.96,0.01,0.01,0.01,344.72,FeCl2,,0,0,0,none,,,,,,,,0,none,0,1,0,0,,25,0,900,1.5,1,1,1,80,20,950,0.25,1,,566,,,,0.894,0.795,4.5,1500,0.8,
Well-defined carbon polyhedrons prepared from nano metal每organic frameworks for oxygen reduction,2014,MDC,0,0,0,0,0.114,0,0,0.064,0.0473,0,,,,,0,none,0,0.0049,27,0.000123847,Co(NO3)2﹞6H2O,,,,39.56,0.999876153,25,20,0,none,0,1,0,0,332,25,0,750,2,,0,0,25,0,25,0,0,,386,0.083,0.917,0,0.86,0.71,5.2,1600,0.4,
"Zeolitic Imidazolate Framework (ZIF)坼Derived, Hollow坼Core, Nitrogen坼Doped Carbon Nanostructures for Oxygen坼Reduction Reactions in PEFCs",2013,FeNC-70,0,0.0127,0,0,0,0,0.001,0.1488,0.1106,0,,,,,0.08,Fe(ac)2,0.25,0,0,0,none,,Zn(NO3)2﹞6H2O,,0.24,0.75,120,72,,"2坼nitroimidazole,imidazole",0,1,0,0,325,25,0,900,3,,1,3,25,0,25,0,0,1.36,262,,,,0.8,0.64,4,1600,0.1,
Chemical Vapor Deposition for Atomically Dispersed and Nitrogen Coordinated Single Metal Site Catalysts,2020,0.17CVD/Fe-N-C-kat ,0,0.016,0,0,0,0,0.0194,0.0545,0.0687,0,0.33048259,0.01,0.460191407,0.209326003,0.6538,Fe(NO3)3﹞H2O,0.022456704,0,0,0,none,19.31,Zn(ac)2﹞2H2O,0.663259348,9.15,0.314283948,,,0,none,0,0,0,0,183,25,0,1000,1,30,0,0,25,0,25,0,0,1.63,216,0.6788,0.4052,0.7561,1,0.835,4,900,0.6,20
Accelerated oxygen reduction on Fe/N/C catalysts derived from precisely-designed ZIF precursors,2020,Czif(Second)-24,0,0,0,0,0,0,0.019,0.0573,,0,,,,,44.36,FeCl3﹞6H20,0.281668677,0,0,0,none,0.8,Zn(NO3)2﹞6H2O,0.005079688,79,0.50161915,25,24,33.33,urea,0.211632485,0,0,1,421,25,0,900,1,5,1,1,25,12,25,0,0,,1295,0.367,0.633,0,0.95,0.825,5.5,1600,0.6,
Tunable Synthesis of Hollow Metal每Nitrogen每Carbon Capsules for Efficient Oxygen Reduction Catalysis in Proton Exchange Membrane Fuel Cells,2019,ZIF-8@Fe每TA,0,0,0,0,0,0,0.0127,0.0674,,0,,,,,0.1755,Fe(NO3)3﹞9H2O,,0,0,0,none ,,,,,,,,,potassium每tannic acid,0,0,1,0,500,25,0,900,3,1,1,0.5,90,12,900,3,0,,917,0.8704,0.1296,0,0.95,0.77,5.8,1600,,
Tunable Synthesis of Hollow Metal每Nitrogen每Carbon Capsules for Efficient Oxygen Reduction Catalysis in Proton Exchange Membrane Fuel Cells,2019,ZIF-8@Co每TA,0,0,0,0,0.018,0,0,0.0994,,0,,,,,0,none,0,0.2061,27,1,Co(NO3)2﹞6H2O,,,,,,,,,potassium每tannic acid,0,0,1,0,475,25,0,900,3,1,1,0.5,90,12,900,3,0,,1033,0.9239,0.0761,0,0.885,0.74,5.5,1600,,
Tunable Synthesis of Hollow Metal每Nitrogen每Carbon Capsules for Efficient Oxygen Reduction Catalysis in Proton Exchange Membrane Fuel Cells,2019,ZIF-8@FeCo每TA,0,0,0,0,0.0044,0,0.0071,0.099,,0,,,,,0.08775,Fe(NO3)3﹞9H2O ,0.460026212,0.103,27,0.539973788,Co(NO3)2﹞6H2O,,,,,,,,,potassium每tannic acid,0,0,1,0,390,25,0,900,3,1,1,0.5,90,12,900,3,0,,962,0.8983,0.1017,0,0.943,0.75,5.5,1600,,
Tunable Synthesis of Hollow Metal每Nitrogen每Carbon Capsules for Efficient Oxygen Reduction Catalysis in Proton Exchange Membrane Fuel Cells,2019,ZIF-8@FeNi每TA,0,0,0,0,0,0,0.0068,0.1168,,0,,,,,0.08775,Fe(NO3)3﹞9H2O,0.459544383,0.1032,28,0.540455617,Ni(NO3)2﹞6H2O,,,,,,,,,potassium每tannic acid,0,0,1,0,450,25,0,900,3,1,1,0.5,90,12,900,3,0,,887,0.8745,0.1255,0,0.913,0.75,5.5,1600,,
Tunable Synthesis of Hollow Metal每Nitrogen每Carbon Capsules for Efficient Oxygen Reduction Catalysis in Proton Exchange Membrane Fuel Cells,2019,ZIF-8@CoNi每TA,0,0,0,0,0.0054,0,0,0.0945,,0,,,,,0,NONE,0,0.203,27,1,Ni(NO3)2﹞6H2O+Co(NO3)2﹞6H2O,,,,,,,,,potassium每tannic acid,0,0,1,0,450,25,0,900,3,1,1,0.5,90,12,900,3,0,,950,0.8899,0.1101,0,0.876,0.73,5.2,1600,,
Tunable Synthesis of Hollow Metal每Nitrogen每Carbon Capsules for Efficient Oxygen Reduction Catalysis in Proton Exchange Membrane Fuel Cells,2019,ZIF-8@FeCoNi每TA,0,0,0,0,0.0036,0,0.0045,0.1114,,0,,,,,0.0687,Fe(NO3)3﹞9H2O,0.333010179,0.1376,27,0.666989821,Ni(NO3)2﹞6H2O+Co(NO3)2﹞6H2O,,,,,,,,,potassium每tannic acid,0,0,1,0,409,25,0,900,3,1,1,0.5,90,12,900,3,0,,919,0.9112,0.0888,0,0.901,0.74,5.3,1600,,
Degradation of Fe/N/C catalysts upon high polarization in acid medium,2014,Fe/N/C-dry,0,0,0,0,0,0,,,,0,,,,,0.1647,FeIIAc,0.001544918,0,0,0,none,20,,0.187603886,85.333,0.805521286,,,1.1099,"1,10-phenanthroline",0.010411078,0,1,0,20,25,0,1050,,,0,0,25,0,25,0,0,,,,,,0.903,0.812,4.2,1500,0.8,
Sulfuration of an Fe每N每C Catalyst Containing FexCFe Species to Enhance the Catalysis of Oxygen Reduction in Acidic Media and for Use in Flexible Zn每Air Batteries,2018,FeNC每S每FexC/Fe,0,0,0,0,0,0,0.03627,0.0077,0.0478,0.0041,0.103766234,0.221168831,0.34012987,0.334935065,,iron nitrate nonahydrate,,0,0,,none,,zinc nitrate hexahydrate,,,,,,,polyaniline nanofibers ˙ 2坼methylimidazole,,0,0,1,20,25,0,1100,1,5,0,0,25,0,25,0,0,1.31,291.83,0.529,0.2,0.271449131,0.92,0.821,5.79,1600,0.1,
Construction of Highly Active Metal坼Containing Nanoparticles & FeCo坼N4 Composite Sites for Acid Oxygen Reduction Reaction,2020,Fe-SAs-N-C,0,0,0,0,0,0,0.0367,0.0862,,0,0.541763341,0.267981439,0.107888631,0.082366589,0.3,FeSO4﹞7H2O,0.005964215,0,0,0,none,10,Zn(NO3)2﹞6H2O,0.198807157,40,0.795228628,25,12,0,none,0,1,0,0,,25,0,,,,0,0,25,0,25,0,0,,,0.1737,0.8263,0,0.965,0.831,4.8,900,0.6,
Construction of Highly Active Metal坼Containing Nanoparticles & FeCo坼N4 Composite Sites for Acid Oxygen Reduction Reaction,2020,Co-SAs-N-C,0,0,0,0,0.017,0,0,0.0874,,0,0.501992032,0.241699867,0.103585657,0.152722444,0,none,0,1.5,27,0.029126214,Co(NO3)2﹞6H2O,10,Zn(NO3)2﹞6H2O,0.194174757,40,0.776699029,25,12,0,none,0,1,0,0,,25,0,,,,0,0,25,0,25,0,0,,,0.2795,0.7205,0,0.819,0.75,4,900,0.6,
Construction of Highly Active Metal坼Containing Nanoparticles & FeCo坼N4 Composite Sites for Acid Oxygen Reduction Reaction,2020,FeCo-SAs-N-C,0,0,0,0,0.0353,0,0.0387,0.0939,,0,0.48348745,0.214002642,0.149273448,0.15323646,0.3,FeSO4﹞7H2O,0.005753497,1.5,27,0.028767486,Co(NO3)2﹞6H2O,10,Zn(NO3)2﹞6H2O,0.191783239,40,0.767132956,25,12,0.3422,EDTA,0.006562822,1,0,0,283,25,0,,,,0,0,25,0,25,0,0,,,0.2513,0.7487,0,0.98,0.832,4.8,900,0.6,
Construction of Highly Active Metal坼Containing Nanoparticles & FeCo坼N4 Composite Sites for Acid Oxygen Reduction Reaction,2020,M/FeCo-SAs-N-C,0,0,0,0,0.0353,0,0.0332,0.0934,,0,0.561027837,0.137044968,0.165952891,0.135974304,0.3,FeSO4﹞7H2O,0.005753497,1.5,27,0.028767486,Co(NO3)2﹞6H2O,10,Zn(NO3)2﹞6H2O,0.191783239,40,0.767132956,25,12,0.3422,EDTA,0.006562822,1,0,0,300,25,0,,,,0,0,25,0,25,0,0,,,0.3422,0.6578,0,0.981,0.851,4,900,0.6,
Dual-Shelled Multidoped Hollow Carbon Nanocages with Hierarchical Porosity for High-Performance Oxygen Reduction Reaction in Both Alkaline and Acidic Media,2020,Co-N/S-DSHCN-3.5,0,0,0,0,0.0291,0,,,,,,,,,,,,0,27,,none,,,,,,,,0.01974,trithiocyanuric acid,1,0,1,0,650,25,0,800,1,2,1,0.5,80,24,25,0,0,1.01,429,0.375,0.628,0,0.84,0.754,4.11,1600,0.5,
Improving the Catalytic Performance of Co/N/C Catalyst for?Oxygen?Reduction?Reaction?by Alloying with Fe,2020,FeCo/N/C-1:3,0,0,0,0,0.0001,0,0.0001,0.0249,0.0026,0,0.360843373,0.076144578,0.360080321,0.202931727,,FeCl2﹞4H2O,,0,0,0,none,10,ZnO,0.266666667,20,0.533333333,,,7.5,terephthalic acid,0.2,0,1,0,,25,0,1050,1,,1,1,80,12,1050,1,1,1.04,1014,0.87,0.13,0,0.96,0.78,5.9,1600,,
Hierarchically open-porous carbon networks enriched with exclusive Fe-N-x active sites as efficient?oxygen?reduction?catalysts towards acidic H-2-O-2 PEM fuel cell and alkaline Zn-air battery,2020,C-FeZIF-8@g-C3N4,0,0,0,0,0,0,0.0405,0.066,,0,0.521714095,0.091114344,0.318665333,0.068506228,2.3784,ferric acetylacetonate,0.006715753,0,0,0,none,11.2003,Zn(NO3)2﹞6H2O,0.03162565,293,0.827327444,25,24,47.5737,melamine,0.134331152,0,1,0,100,25,0,950,2,2,0,0,25,0,25,0,0,1.04,550,0.56933,0.43067,0,0.852,0.745,5.2,1600,0.35,
Nanoporous bimetallic Zn/Fe-N-C for efficient?oxygen?reduction?in acidic and alkaline media,2020,Zn/Fe2-N-C,0,0.1028,0,0,,,0.01156,0.08255,,0,,,,,0.3068,hemin,0.010837466,0,0,0,none,20,Zn(NO3)2 .6H2O,0.706484111,8.0024,0.282678423,25,24,0,none,0,1,0,0,250,25,0,1000,2,2,0,0,25,0,25,0,0,2.96,,0.3261,0.5669,0.107,1.06,0.81,4.9,1600,0.341,
2D Single-Atom Catalyst with Optimized Iron Sites Produced by Thermal Melting of Metal-Organic Frameworks for?Oxygen?Reduction?Reaction,2020,Fe-N/GNs,0,0,0,0,0,0,0.02156,,,0,0.2259,0.519,0.1864,0.0687,0.04386,Fe(NO)3 ? 9H2O,0.004489519,0,0,0,none,3.0589,Zn(NO3)2 .6H2O,0.313109683,,,25,8,6.66666,graphene oxide,0.682400798,1,0,0,63,25,0,900,0.5,,1,0.5,80,6,900,0.5,1,,1237.9,,,,0.952,0.837,6,1600,,
2D Single-Atom Catalyst with Optimized Iron Sites Produced by Thermal Melting of Metal-Organic Frameworks for?Oxygen?Reduction?Reaction,2020,FeNC/RGO,0,0.02247,0,0,0,0,0.00975,,,0,0.1669,0.327,0.4593,0.0468,0.04386,Fe(NO)3 ? 9H2O,0.004489519,0,0,0,none,3.0589,Zn(NO3)2 .6H2O,0.313109683,,,25,8,6.66666,graphene oxide,0.682400798,1,0,0,100,25,0,900,0.5,,0,0,25,0,900,0.5,1,,790,,,,0.865,0.752,6,1600,,
Transformation of Metal-Organic Frameworks into Huge-Diameter Carbon Nanotubes with High Performance in Proton Exchange Membrane Fuel Cells,2019,Fe?N-CNTs?H,0,0,0,0,0,0,0.0037,0.0419,0,0,0.4609375,0.01,0.5390625,0.01,,Fe-citrate,,0,0,0,none,10,Zn(NO3)2﹞6H2O,0.058823529,80,0.470588235,60,24,80,2-methylimidazole,0.470588235,1,0,0,120,25,0,950,2,,1,0.5,90,24,25,0,0,1.064,889,,,,,0.818,5.9,1600,,
Porous carbon supported atomic iron as electrocatalysts for acidic oxygen reduction reaction,2017,Fe-IL@MOF-NH3,0,0,,,,,0.0225,,,0,,,,,,FePc,,0,0,0,none,6.05,Zn(NO3)2﹞6H2O,0.099588477,48.7,0.801646091,,,6,1-buty-3-methylimidazoliumbis (trifiuoromethylsulfonyl) imide ([bmim][Tf2N]),0.098765432,0,1,0,110,25,0,900,1,,1,0.5,,24,900,2,1,0.96,1381.1,,,,`,0.791,5,1600,,
Investigation of Oxygen Reduction Activity of Catalysts Derived from Co and Co/Zn Methyl坼Imidazolate Frameworks in Proton Exchange Membrane Fuel Cells,2016,Co/Zn(mIm)2,0,0,0,0,0.008,0,0,0.0619,,0,,,,,0,none,0,0.48,27,0.004372779,Co(NO3)2﹞6H2O,9.41,Zn(NO3)2﹞6H2O,0.085724697,99.88,0.909902523,70,4,0,none,0,1,0,0,420,25,0,1000,1,6,1,0.5,,12,950,0.5,1,1.256,1563,,,,0.93,0.76,4.9,1600,,
Highly Dispersed Nonprecious Metal Catalyst for Oxygen Reduction Reaction in Proton Exchange Membrane Fuel Cells,2020,Fe-N-C-10/1-950,0,0,0,0,0,0,0.0159,0.0408,0.033,0,0.4136,0.0845,0.3265,0.1754,0.66,FeCl3﹞6H2O,0.011997819,0,0,0,none,5.65,Zn(NO3)2﹞6H2O,0.102708598,48.7,0.885293583,25,24,0,none,0,1,0,0,20,25,0,950,2,,1,0.5,,10,950,0.5,1,1.14,1556,,,,0.96,0.78,6.4,1600,,
Graphene Graphene坼Tube Nanocomposites Templated from Cage坼Containing Metal坼Organic Frameworks for Oxygen Reduction in Li每O2 Batteries,2013,N-Fe-MOF-catalyst,0,0,0,0,0,0,0.0097,0.0269,0.0158,0,,,,,6,iron acetate,0.75,1,27,0.125,Co(SCN)2,,,,,,25,336,1,"4∩-(4-pyridyl)-4,2∩,6∩,4∩-terpyridine",0.125,0,1,0,130,25,0,1000,1,,1,0.5,,,1000,3,0,,449,,,,,0.79,3.7,900,,
Phthalocyanine Precursors To Construct Atomically Dispersed Iron Electrocatalysts,2019,C-FePc(CN)8/ZIF-8,0,0,0,0,0,0,0.026,0.0267,,0,,,,,0.1,FePc(CN)8,0.003322259,0,0,0,none,6,Zn(NO3)2﹞6H2O,0.199335548,24,0.797342193,25,18,0,none,0,1,0,0,130,25,0,1000,5,3,0,0,25,0,25,0,0,,1168.43,,,,,0.792,5.5,1600,0.6,
Phthalocyanine Precursors To Construct Atomically Dispersed Iron Electrocatalysts,2019,C-(Fe(NO3)3+FePc(CN)8)/ZIF-8,0,0,0,0,0,0,0.028,0.0277,,0,,,,,0.1,FePc,0.003322259,0.12,26,0.003986711,Fe(NO3)3﹞9H2O,5.88,Zn(NO3)2﹞6H2O,0.195348837,24,0.797342193,25,18,0,none,0,1,0,0,200,25,0,1000,5,3,0,0,25,0,25,0,0,,,,,,,0.811,,1600,0.6,
Non坼Precious Metal Catalysts Prepared By Zeolitic Imidazolate Frameworks The Ligand Influence to Morphology and Performance,2016,,0,0,0,0,0,0,,,,0,,,,,,"1,10-phenanthroline iron (II) perchlorate (TPI)",,0,0,0,none,1,ZnO,0.333333333,2,0.666666667,180,18,0,none,0,1,0,0,25,25,0,1050,0.5,,1,1,,1,25,0,0,,1270,,,,0.91,0.778,4.9,1600,,
Monodispersed Co in Mesoporous Polyhedrons: Fine-tuning of ZIF-8 Structure with Enhanced Oxygen Reduction Activity,2017,xCo-N-C,0,0,0,0,0,0,0,,,0,,,,,0,none,0,3,27,0.05,Co(NO3)2﹞6H2O,9,Zn(NO3)2﹞6H2O,0.15,48,0.8,25,1,0,none,0,1,0,0,200,25,0,850,2,5,0,0,25,0,25,0,0,,2195,,,,,0.751,6.3,1600,0.45,
※Wiring§ Fe坼Nx坼Embedded Porous Carbon Framework onto 1D Nanotubes for Efficient Oxygen Reduction Reaction in Alkaline and Acidic Media,2017,pCNT@Fe@GL,0,0,0,0,0,0,0.003,0.072,0.0968,0,0.448683503,0.067705535,0.435249866,0.048361096,,FeCl3,,0,0,0,none,,Zn(NO3)2﹞6H2O,,,,,,0,none,0,0,0,1,100,25,0,950,3,,0,0,25,0,25,0,0,,1112,0.1,0.9,0,0.911,0.82,5.5,1600,0.6,
Well-Defined ZIF-Derived Fe每N Codoped Carbon Nanoframes as Efficient Oxygen Reduction Catalysts,2017,C-FeZIF-900-0.84,0,0,0,0,0,0,,0.0774,,0,0.355292567,0.188757251,0.384361959,0.071588222,0.7079, iron(III) acetylacetonate,0.030962149,0,0,0,none,0.84,Zn(NO3)2﹞6H2O,0.036739942,21.3155,0.932297908,25,24,0,none,0,1,0,0,200,25,0,900,4,5,1,0.5,,12,900,3,0,1.19,926,0.06765,0.1272,0.80515,0.9,0.77,7,900,0.5,
Exploring Fe坼Nx?for Peroxide Reduction: Template坼Free Synthesis of Fe坼Nx?Traumatized Mesoporous Carbon Nanotubes as an ORR Catalyst in Acidic and Alkaline Solutions,2018,Fe-N-C,0,0,0,0,0,0,,,,0,0.451819686,0.120967742,0.307278743,0.11993383,,Fe(acac)2,0,0,0,0,none,,Zn(NO3)2,,,,120,12,0,none,0,1,0,0,1200,25,0,900,3,,0,0,,,25,0,0,0.83,993,,,,0.927,0.817,4.55,1600,0.45,
Structural and mechanistic basis for the high activity of Fe每N每C catalysts toward oxygen reduction,2016,FePhenMOF每ArNH3,0,0,0,0,0,0,0.005,0.0531,0.0393,0,,,,,0.228,iron(ii) acetate,0.00218794,0,0,,none,9.95,ZnO,0.212772327,19.9756,0.427161296,400,1,16.61,"ammonia sulfate;1,10-phenanthroline monohydrate",0.355190789,0,1,0,,25,0,1050,1,15,1,0.1,80,12,1050,0.25,1,,1360,,,,0.98,0.78,6.5,1600,0.6,
"Preparation of Fe每N每C catalysts with FeNx?(x?= 1, 3, 4) active sites and comparison of their activities for the oxygen reduction reaction and performances in proton exchange membrane fuel cells",2019,Fe-N-C-300,0,0.0086,0,0,0,0,0.0025,0.0684,0.05219,0,0.62616503,0.261743507,0.084783149,0.027308314,0.08445,FeCl3﹞6H2O,0.00218794,0,0,0,none,17.7218,(Zn(NO3)2.6H2O˙ ZnO,0.459138374,20.7917,0.538673686,220,26,0,none,0,0,0,1,100,25,0,1000,1,,0,0,25,0,300,,0,,948,0.9,0.1,0,0.769,0.581,5,1600,0.4,38.6
"Preparation of Fe每N每C catalysts with FeNx?(x?= 1, 3, 4) active sites and comparison of their activities for the oxygen reduction reaction and performances in proton exchange membrane fuel cells",2019,Fe-N-C-500,0,0.0077,0,0,0,0,0.002,0.06726,0.05281,0,0.643184086,0.237412693,0.095978714,0.023424508,0.08445,FeCl3﹞6H2O,0.00218794,0,0,0,none,17.7218,(Zn(NO3)2.6H2O˙ ZnO,0.459138374,20.7917,0.538673686,220,26,0,none,0,0,0,1,100,25,0,1000,1,,0,0,25,0,500,,0,,1054,0.9,0.1,0,0.811,0.662,4.7,1600,0.4,25.5
"Preparation of Fe每N每C catalysts with FeNx?(x?= 1, 3, 4) active sites and comparison of their activities for the oxygen reduction reaction and performances in proton exchange membrane fuel cells",2019,Fe-N-C-1000,0,0.0045,0,0,0,0,0.0022,0.05126,0.05514,0,0.616360752,0.251117566,0.120697114,0.011824568,0.08445,FeCl3﹞6H2O,0.00218794,0,0,0,none,17.7218,(Zn(NO3)2.6H2O˙ ZnO,0.459138374,20.7917,0.538673686,220,26,0,none,0,0,0,1,100,25,0,1000,1,,0,0,25,0,1000,,0,,1188,0.9,0.1,0,0.894,0.804,5.1,1600,0.4,10.5
High Power Density Platinum Group Metal-free Cathodes for Polymer Electrolyte Fuel Cells,2019,Fe-MOF-40nm-i/c=0.1,0,0,0,0,0,0,,,,0,,,,,0.2924,Fe(NO3)3﹞9H2O,0.004907959,0,0,0,none,11.294,Zn(NO3)2﹞6H2O,0.189570755,47.9903,0.805521286,60,24,0,none,0,1,0,0,40,25,0,1100,1,,0,0,25,0,25,0,0,,,,,,0.95,0.87,5.1,900,0.8,
High Power Density Platinum Group Metal-free Cathodes for Polymer Electrolyte Fuel Cells,2019,Fe-MOF-150nm-i/c=0.4,0,0,0,0,0,0,,,,0,,,,,0.2924,Fe(NO3)3﹞9H2O,0.004907959,0,0,0,none,11.294,Zn(NO3)2﹞6H2O,0.189570755,47.9903,0.805521286,60,24,0,none,0,1,0,0,150,25,0,1100,1,,0,0,25,0,25,0,0,,,,,,0.95,0.87,3.67,900,0.8,
Effects of Superparamagnetic Iron Nanoparticles on Electrocatalysts for the Reduction of Oxygen,2021,FeNC850,0,0.043,0,0,0,0,0.056,,,0,0.641737621,0.201095504,0.087640328,0.069526547,0.1758,FeㄗCO?2?CH?3ㄘ2,0.001545008,0,0,0,,22.5,,0.197739964,90,0.790959856,,,1.11,1-10 phen,0.009755172,0,1,0,,850,0.25,850,4,5,0,0,25,0,25,0,0,,,,,,0.856,0.753,5.3,1600,1,
Effects of Superparamagnetic Iron Nanoparticles on Electrocatalysts for the Reduction of Oxygen,2021,FeNC950,0,0.18,0,0,0,0,0.055,,,0,0.572562761,0.259380821,0.100549987,0.067506431,0.1758,FeㄗCO?2?CH?3ㄘ2,0.001545008,0,0,0,,22.5,,0.197739964,90,0.790959856,,,1.11,1-10 phen,0.009755172,0,1,0,,950,0.25,950,4,5,0,0,25,0,25,0,0,,,,,,0.832,0.753,4.39,1600,1,
Effects of Superparamagnetic Iron Nanoparticles on Electrocatalysts for the Reduction of Oxygen,2021,FeNC1050,0,0.01,0,0,0,0,0.072,,,0,0.59013683,0.40986317,0.01,0.01,0.1758,FeㄗCO?2?CH?3ㄘ2,0.001545008,0,0,0,,22.5,,0.197739964,90,0.790959856,,,1.11,1-10 phen,0.009755172,0,1,0,,1050,0.25,1050,4,5,0,0,25,0,25,0,0,,,,,,0.796,0.651,4.65,1600,1,
Fe每N每C with Intensified Exposure of Active Sites for Highly Efficient and Stable Direct Methanol Fuel Cells,2021,ZIF@EDTAFe-1%-950,0,0,0,0,0,0,0.0141,0.076,0.1139,0,0.6169,0.183,0.1635,0.0367,0.04,EDTANaFe,0.001998441,0,,,,4,Zn(NO3)2 6H2O,0.199844122,15.9756,0.798157437,25,24,0,none,0,1,0,0,,25,0,950,2,,0,0,25,0,25,0,0,,1466.2,0.9054,0.0946,0,0.915,0.77,5.86,1600,0.6,
Fe每N每C with Intensified Exposure of Active Sites for Highly Efficient and Stable Direct Methanol Fuel Cells,2021,EDTAFe@ZIF-950,0,0,0,0,0,0,0.0139,0.0759,0.1199,0,0.5131,0.1638,0.2615,0.061,0.054488,EDTANaFe,0.002720308,0,,,,4,Zn(NO3)2 6H2O,0.199699572,15.9756,0.79758012,120,4,0,none,0,1,0,0,,25,0,950,2,,0,0,25,0,25,0,0,,1255.4,0.9504,0.0496,0,0.903,0.73,5.15,1600,0.6,
Large specific surface area S-doped Fe每N每C electrocatalysts derived from Metal每Organic frameworks for oxygen reduction reaction,2020,Fe-SNC-0.35,0,0,0,0,0,0,0.029061646,0.0428,0.0679,0.0013,0.198,0.607,0.195,0.01,0.077,FeㄗSCNㄘ3,0.00258608,0,0,,,5.6734,ZnㄗNO?3ㄘ2?﹞6H?2?O,0.190543745,24.02439,0.806870174,60,6,0,none,0,0,1,0,,900,0.25,1000,1,,0,0,25,0,25,0,0,,1326.04,,,,0.894,0.78,5.99,1600,0.7,
Large specific surface area S-doped Fe每N每C electrocatalysts derived from Metal每Organic frameworks for oxygen reduction reaction,2020,Fe-SNC-0.45,0,0,0,0,0,0,0.017279047,0.0594,0.066,0.0021,0.388,0.3,0.31,0.002,0.099,FeㄗSCNㄘ3,0.003322506,0,0,,,5.6734,ZnㄗNO?3ㄘ2?﹞6H?2?O,0.19040306,24.02439,0.806274434,60,6,0,none,0,0,1,0,,900,0.25,1000,1,,0,0,25,0,25,0,0,,1173.51,0.300500501,0.434834835,0.264664665,0.927,0.81,5.94,1600,0.7,
Large specific surface area S-doped Fe每N每C electrocatalysts derived from Metal每Organic frameworks for oxygen reduction reaction,2020,Fe-SNC-0.55,0,0,0,0,0,0,0.017733185,0.0541,0.0656,0.0021,0.357,0.232,0.41,0.001,0.121,FeㄗSCNㄘ3,0.004057844,0,0,,,5.6734,ZnㄗNO?3ㄘ2?﹞6H?2?O,0.190262583,24.02439,0.805679573,60,6,0,none,0,0,1,0,,900,0.25,1000,1,,0,0,25,0,25,0,0,,1062.67,,,,0.908,0.79,5.94,1600,0.7,
Large specific surface area S-doped Fe每N每C electrocatalysts derived from Metal每Organic frameworks for oxygen reduction reaction,2020,Fe-SNC-0.65,0,0,0,0,0,0,0.014631651,0.0519,0.0717,0.0025,0.279,0.102,0.619,0.01,0.143,FeㄗSCNㄘ3,0.004792098,0,0,,,5.6734,ZnㄗNO?3ㄘ2?﹞6H?2?O,0.190122312,24.02439,0.805085589,60,6,0,none,0,0,1,0,,900,0.25,1000,1,,0,0,25,0,25,0,0,,1183.78,,,,0.908,0.79,6.19,1600,0.7,
High坼dispersion Co坼Fe坼NC electrocatalyst based on leaf坼shaped zeolite imidazole framework for oxygen每reduction reaction in acidic medium,2021,L-CoFe0.5-NC,0,0,0,0,0.06,0,0.027,0.0967,,0,0.664991625,0.115070301,0.145271814,0.074666261,0.26,Fe(NO3)3﹞9H2O,0.014268381,0,58,,Co(NO3)2﹞6H2O,1.9865,Zn(NO3)2﹞6H2O,0.109015917,15.97560976,0.876715703,70,12,0,none,0,0,1,0,,25,0,900,2,2,0,0,25,0,25,0,0,1.06,473.73,0.85,0.15,0,0.88,0.77,4.285,1600,0.8,
Nitrogen and atomic Fe dual-doped porous carbon nanocubes as superior electrocatalysts for acidic H2-O2 PEMFC and alkaline Zn-air battery,2021,PCN-A@Fe SA,0,0,0,0,0,0,0.0101,0.0519,,0,0.320074096,0.106658867,0.43287511,0.140391927,,ferrocene ,,0,,,,,,,,,25,3,0,none,0,0,1,0,,25,0,950,2,5,1,1,80,12,25,0,0,1,,,,,0.908,0.78,5.58,1600,0.50952,
Nitrogen and atomic Fe dual-doped porous carbon nanocubes as superior electrocatalysts for acidic H2-O2 PEMFC and alkaline Zn-air battery,2021,PCN-A@Fe SA,0,0,0,0,0,0,0.0183,0.0493,,0,0.247,0.0653,0.445,0.2428,,ferrocene ,,0,,,,,,,,,25,3,0,none,0,0,1,0,,25,0,950,2,5,1,1,80,12,25,0,0,1.02,,,,,0.95,0.79,6.827,1600,0.50952,
Nitrogen and atomic Fe dual-doped porous carbon nanocubes as superior electrocatalysts for acidic H2-O2 PEMFC and alkaline Zn-air battery,2021,PCN-A@Fe SA,0,0,0,0,0,0,0.0259,0.0418,,0,0.23442198,0.098185588,0.571591498,0.095800933,,ferrocene ,,0,,,,,,,,,25,3,0,none,0,0,1,0,,25,0,950,2,5,1,1,80,12,25,0,0,1.04,,,,,0.892,0.774,4.928,1600,0.50952,
Engineering Pt and Fe dual-metal single atoms anchored on nitrogen-doped carbon with high activity and durability towards oxygen reduction reaction for zinc-air battery,2021,FeNC,0,0,0,0,0,0,0.00363,,,0,0.394410638,0.10671625,0.449628127,0.049244985,0.005569346,Fe(NO3)3?9H2O,0.00111263,0,,,,1,Zn(NO3)2 6H2O,0.197739964,4,0.799109896,60,12,0,none,0,1,0,0,,25,0,1100,1,5,0,0,25,0,25,0,0,1.02,1068.2,0.98,0.01,0.01,0.913,0.79,6,1600,0.255,
Robust Co坼Embedded Nitrogen Doped Carbon Catalyst for Oxygen Reduction Reaction in Proton Exchange Membrane Fuel Cell,2021,CoNC(4-1),0,0,0,0,0.13848381,0,0,0.001,0.063,0,0.662516824,0.337483176,0.01,0.01,,,0.066,0,,,,,Zn acac,0.264,,0.67,25,1,0,none,0,0,1,0,,25,0,950,3,5,0,0,25,0,25,0,0,1.27,,,,,0.8,0.642,3.118,1600,0.5,
Robust Co坼Embedded Nitrogen Doped Carbon Catalyst for Oxygen Reduction Reaction in Proton Exchange Membrane Fuel Cell,2021,CoNC(3-1),0,0,0,0,0.017955711,0,0,0.018,0.055,0,0.126274152,0.240529439,0.344895786,0.288300624,,,0.0825,0,,,,,Zn acac,0.2475,,0.67,25,1,0,none,0,0,1,0,,25,0,950,3,5,0,0,25,0,25,0,0,1.17,,,,,0.786,0.636,3.775,1600,0.5,
Robust Co坼Embedded Nitrogen Doped Carbon Catalyst for Oxygen Reduction Reaction in Proton Exchange Membrane Fuel Cell,2021,CoNC(2-1),0,0,0,0,0.022369254,0,0,0.008,0.319,0,0.657064784,0.011613344,0.166344074,0.164977798,,,0.1089,0,,,,,Zn acac,0.2178,,0.67,25,1,0,none,0,0,1,0,,25,0,950,3,5,0,0,25,0,25,0,0,1.22,,,,,0.764,0.63,4.55,1600,0.5,
3D star-like atypical hybrid MOF derived single-atom catalyst boosts oxygen reduction catalysis,2021,CoSA-N-C,0,0,0,0,0.025,0,0,0.0944,0.0728,0,0.534,0.187,0.279,0.01,0.09965,Co(NO3)2﹞6H2O,0.001748079,0,,,,2,Zn(NO3)2 6H2O,0.035084379,54.878,0.962680273,25,3,0.027777,CTAB,0.000487269,1,0,0,,25,0,910,2,5,0,0,25,0,25,0,0,,570,0.2,0.8,0,0.923,0.78,5.74,1600,0.51,
Polymer-coating-induced synthesis of FeNx enriched carbon nanotubes as cathode that exceeds 1.0 W peak power in both proton and anion exchange membrane fuel cells,2021,Fex-CNT,0,0,0,0,0,0,0.0308,0.0252,0.0359,0,0.6495,0.0625,0.268,0.05,4.9593,FeC 6 H 5 O 7,0.050822263,0,,,,10,ZnㄗNO 3ㄘ2 ﹞6H 2 O,0.102478703,80.121951,0.821079359,60,24,2.5,ㄗNH 4ㄘ2 S 2 O 8,0.025619676,1,0,0,,25,0,950,2,5,1,1,80,24,950,1,1,0.89,1135.4379,0.42,0.23,0.35,1,0.82,5.41,1600,0.6,
When MOFs meet MXenes: superior ORR performance in both alkaline and acidic solutions,2020,Fe-N-C@Mexene,0,0,0,0,0,0,0.02111678,0.0206,0.0618,0,0.160568442,0.226723293,0.414407057,0.198301209,1.2458, Fe(acac)3,0.01374826,0,,,,10.1010101,Zn(NO3)2 6H2O,0.111471596,79.26829268,0.874780144,25,24,0,none,0,1,0,0,,25,0,1100,1,5,0,0,25,0,25,0,0,0.98,805.08,,,,0.9186,0.777,5.6,1600,0.56,
When MOFs meet MXenes: superior ORR performance in both alkaline and acidic solutions,2020,Fe-N-C,0,0,0,0,0,0,0.017908428,0.0165,0.064,0,0.377707646,0.069717401,0.349591163,0.20298379,1.2458, Fe(acac)3,0.013733105,0,,,,10.1010101,Zn(NO3)2 6H2O,0.111348715,79.26829268,0.873815828,25,24,0.1,Ti3C2TX,0.001102352,1,0,0,,25,0,1100,1,5,0,0,25,0,350,1,1,1.04,770.24,,,,0.8586,0.7255,5.212,1600,0.56,
Solid phase microwave-assisted fabrication of Fe-doped ZIF-8 for single-atom Fe-N-C electrocatalysts on oxygen reduction,2021,M15-FeNC,0,0,0,0,0,0,0.0093,0.0538,0.064,0,0.4067,0.1582,0.3494,0.0857,0.274015748,Fe(acac)2,0.004546167,0,,,,20,Zno,0.331817944,40,0.663635889,25,1,0,none,0,1,0,0,,25,0,1000,2,5,0,0,25,0,25,0,0,1.05,596.1,0.874,0.125146,0,0.873,0.771,4.81,1600,0.8,
Solid phase microwave-assisted fabrication of Fe-doped ZIF-8 for single-atom Fe-N-C electrocatalysts on oxygen reduction,2021,M15-FeNC-NH3,0,0,0,0,0,0,0.0093,0.0663,0.0589,0,0.4578,0.1957,0.27,0.0764,0.274015748,Fe(acac)2,0.004546167,0,,,,20,Zno,0.331817944,40,0.663635889,25,1,0,none,0,1,0,0,,900,0.25,1000,2,5,0,0,25,0,25,0,0,1.03,1304.5,0.574856266,0.425143733,0,0.884,0.782,6.14,1600,0.8,
Glucose Doping of a Glc坼Fe坼ZIF ORR Catalyst for Proton坼Exchange Membrane Fuel Cells: Optimising Porous Structures and Improving Performance,2020,Fe-ZIF,0,0,0,0,0,0,0.0095,,,0,0.565760571,0.01,0.339236683,0.095002746,0.6804081,Fe(Ac)﹞4H2O,0.007099322,0,,,,18.28282828,Zn(NO3)2 .6H2O,0.19076151,76.87804878,0.802139168,60,24,0,none,0,1,0,0,,25,0,1000,5,,0,0,25,0,25,0,0,0.95,691,0.5479,0.27397,0.17813,1,0.841,4.48,900,0.6,
Glucose Doping of a Glc坼Fe坼ZIF ORR Catalyst for Proton坼Exchange Membrane Fuel Cells: Optimising Porous Structures and Improving Performance,2020,Glc-Fe-ZIF,0,0,0,0,0,0,0.0095,,,0,0.604322767,0.01,0.315273775,0.080403458,0.6804081,Fe(Ac)﹞4H2O,0.007071856,0,,,,18.28282828,Zn(NO3)2 .6H2O,0.190023509,76.87804878,0.799035924,60,24,0.372222222,glucose,0.003868711,1,0,0,,25,0,1000,5,,0,0,25,0,25,0,0,0.95,998,0.6,0.355,0.045,1,0.871,4.43,900,0.6,
Glucose Doping of a Glc坼Fe坼ZIF ORR Catalyst for Proton坼Exchange Membrane Fuel Cells: Optimising Porous Structures and Improving Performance,2020,Glc-Fe-ZIF,0,0,0,0,0,0,0.0095,,,0,0.604322767,0.01,0.315273775,0.080403458,0.6804081,Fe(Ac)﹞4H2O,0.007071856,0,,,,18.28282828,Zn(NO3)2 .6H2O,0.190023509,76.87804878,0.799035924,60,24,0.372222222,glucose,0.003868711,1,0,0,,25,0,1000,5,,0,0,25,0,25,0,0,0.95,998,0.6,0.355,0.045,1,0.81,3.67,900,0.2,
Glucose Doping of a Glc坼Fe坼ZIF ORR Catalyst for Proton坼Exchange Membrane Fuel Cells: Optimising Porous Structures and Improving Performance,2020,Glc-Fe-ZIF,0,0,0,0,0,0,0.0095,,,0,0.604322767,0.01,0.315273775,0.080403458,0.6804081,Fe(Ac)﹞4H2O,0.007071856,0,,,,18.28282828,Zn(NO3)2 .6H2O,0.190023509,76.87804878,0.799035924,60,24,0.372222222,glucose,0.003868711,1,0,0,,25,0,1000,5,,0,0,25,0,25,0,0,0.95,998,0.6,0.355,0.045,1,0.847,4.34,900,0.4,
Glucose Doping of a Glc坼Fe坼ZIF ORR Catalyst for Proton坼Exchange Membrane Fuel Cells: Optimising Porous Structures and Improving Performance,2020,Glc-Fe-ZIF,0,0,0,0,0,0,0.0095,,,0,0.604322767,0.01,0.315273775,0.080403458,0.6804081,Fe(Ac)﹞4H2O,0.007071856,0,,,,18.28282828,Zn(NO3)2 .6H2O,0.190023509,76.87804878,0.799035924,60,24,0.372222222,glucose,0.003868711,1,0,0,,25,0,1000,5,,0,0,25,0,25,0,0,0.95,998,0.6,0.355,0.045,1,0.868,4.25,900,0.8,
Glucose Doping of a Glc坼Fe坼ZIF ORR Catalyst for Proton坼Exchange Membrane Fuel Cells: Optimising Porous Structures and Improving Performance,2020,Glc-Fe-ZIF,0,0,0,0,0,0,0.0095,,,0,0.604322767,0.01,0.315273775,0.080403458,0.6804081,Fe(Ac)﹞4H2O,0.007071856,0,,,,18.28282828,Zn(NO3)2 .6H2O,0.190023509,76.87804878,0.799035924,60,24,0.372222222,glucose,0.003868711,1,0,0,,25,0,1000,5,,0,0,25,0,25,0,0,0.95,998,0.6,0.355,0.045,1,0.876,4.11,900,1,
Iron-Nanoparticle-Loaded Nitrogen-Doped Carbon Nanotube/Carbon Sheet Composites Derived from MOF as Electrocatalysts for an Oxygen Reduction Reaction,2021,Fe-bNCNT/NC-800,0,0,0,0,0,0,0.014546541,0.0717,0.0952,0,0.409,0.105,0.353,0.133,0.4,"iron(III) 2,4-pentanedionate",0.018931954,0,,,,4,Zn(NO3)2﹞6H2O,0.189319538,16,0.757278153,100,4,0.7283,pyrrole,0.034470355,1,0,0,,25,0,800,3,5,0,0,25,0,25,0,0,0.966,543,0.236179529,0.588533114,0.175287356,0.867,0.71071,4.84,1600,0.42,
Iron-Nanoparticle-Loaded Nitrogen-Doped Carbon Nanotube/Carbon Sheet Composites Derived from MOF as Electrocatalysts for an Oxygen Reduction Reaction,2021,Fe-bNCNT/NC-900,0,0,0,0,0,0,0.020588791,0.0609,0.1048,0,0.334,0.092,0.433,0.139,0.4,"iron(III) 2,4-pentanedionate",0.018931954,0,,,,4,Zn(NO3)2﹞6H2O,0.189319538,16,0.757278153,100,4,0.7283,pyrrole,0.034470355,1,0,0,,25,0,900,3,5,0,0,25,0,25,0,0,1.014,554,0.218031886,0.631995602,0.149972512,0.907,0.7689,4.94,1600,0.42,
Iron-Nanoparticle-Loaded Nitrogen-Doped Carbon Nanotube/Carbon Sheet Composites Derived from MOF as Electrocatalysts for an Oxygen Reduction Reaction,2021,Fe-bNCNT/NC-1000,0,0,0,0,0,0,0.023641251,0.0156,0.0637,0,0.281,0.067,0.479,0.173,0.4,"iron(III) 2,4-pentanedionate",0.018931954,0,,,,4,Zn(NO3)2﹞6H2O,0.189319538,16,0.757278153,100,4,0.7283,pyrrole,0.034470355,1,0,0,,25,0,1000,3,5,0,0,25,0,25,0,0,1.192,344,0.093209238,0.493140296,0.413650465,0.818,0.5835,4.9,1600,0.42,
Atomically-dispersed Fe-Nx and C每S每C ordered mesoporous carbons as efficient catalysts for the oxygen reduction reaction in a microbial fuel cell,2021,Fe每N/C,0,0,0,0,0,0,0.0264,0.046,,0,0.502173913,0.130434783,0.208695652,0.091304348,2.49171787,Fe(acac)3,0.110750637,0,,,,4.006734007,Zn(NO3)2 .6H2O,0.17808932,16,0.711160043,28,12,0,none,0,1,0,0,,25,0,1000,3,3,1,0.1,25,,25,0,0,,1015.5,0.693284936,0.306715064,0,0.893,0.762,5.19,1600,0.5,
Atomically-dispersed Fe-Nx and C每S每C ordered mesoporous carbons as efficient catalysts for the oxygen reduction reaction in a microbial fuel cell,2021,Fe/S每N/C,0,0,0,0,0,0,0.0344,0.043,,0.032,0.374418605,0.164285714,0.427906977,0.254658385,2.49171787,Fe(acac)3,0.091957338,0,,,,4.006734007,Zn(NO3)2 .6H2O,0.147869306,16,0.590483146,28,12,4.598003153,thiourea,0.16969021,1,0,0,,25,0,1000,3,3,1,0.1,25,,25,0,0,,980.9,0.621582734,0.378417266,0,0.917,0.765,5.39,1600,0.5,
"MOF-derived dual metal (Fe, Ni) 每nitrogen每doped carbon for synergistically enhanced oxygen reduction reaction",2021,FeNC,0,0,0,0,0,0,0.008617422,0.0292,0.0425,0,0.17,0.01,0.5133,0.3146,0.123762376,Fe(NO3)3﹞9H2O,0.004984518,0,,,,4.949494949,Zn(NO3)2 6H2O,0.199340457,19.75609756,0.795675025,25,24,0,none,0,1,0,0,,25,0,1100,1,,0,0,25,0,1100,1,1,0.8255,1063,0,0.81413505,0.18586495,0.929,0.765,5.756,1600,0.6,
"MOF-derived dual metal (Fe, Ni) 每nitrogen每doped carbon for synergistically enhanced oxygen reduction reaction",2021,FeNi0.25NC,0,0.025471008,0,0,0,0,0.006214192,0.0356,0.0371,0,0.2,0.01,0.6593,0.1361,0.123762376,Fe(NO3)3﹞9H2O,0.004984518,0.0409,Ni,,,4.949494949,Zn(NO3)2 6H2O,0.199340457,19.75609756,0.795675025,25,24,0,none,0,1,0,0,,25,0,1100,1,,0,0,25,0,1100,1,1,0.6532,1110,0.468187836,0.417646601,0.114165563,0.954,0.794,5.756,1600,0.6,
Tri-(Fe/F/N)-doped porous carbons as electrocatalysts for the oxygen reduction reaction in both alkaline and acidic media,2020,FeFNC-5,0,0,0,0,0,0,0.006846817,0.0169,0.118,0,0.513730228,0.29865993,0.187609842,0.01,3.739376771,Fe(acac)3,0.110831234,0,,,,6,Zn(NO3)2 .6H2O,0.177833753,24,0.711335013,25,24,0,none,0,1,0,0,,25,0,950,1,5,0,0,25,0,900,1,1,0.915,792.9,0.52,0.48,0,0.883,0.748,5.23,1600,,
ZIF-derived Co每N每C ORR catalyst with high performance in proton exchange membrane fuel cells,2020,CoNC,0,0,0,0,0.024752498,0,0,0.0468,0.0194,0,0.580952381,0.33877551,0.080272109,0.01,0.274725275,CoㄗNO?3ㄘ2,0.239382951,0,,,,0.263157895,ZnㄗNO?3ㄘ2,0.229303669,0.609756098,0.53131338,25,24,0,none,0,1,0,0,,25,0,800,2,5,0,0,25,0,25,0,0,,494,0.452,0.435,0.113,0.9,0.77,2.95,900,0.6,
ZIF-derived Co每N每C ORR catalyst with high performance in proton exchange membrane fuel cells,2020,CoNC@KJ600,0,0,0,0,0.058991292,0,0,0.0736,0.102,0,0.723175966,0.173819742,0.103004292,0.01,0.274725275,CoㄗNO?3ㄘ2,0.01542161,0,,,,0.263157895,ZnㄗNO?3ㄘ2,0.014772279,0.609756098,0.034228451,25,24,16.66666667,acid treated KJ600,0.93557766,1,0,0,,25,0,800,2,5,0,0,25,0,25,0,0,,653,0.248,0.721,0.031,0.9,0.77,4.32,900,0.6,
Single-Iron Site Catalysts with Self-Assembled Dual-size Architecture and Hierarchical Porosity for Proton-Exchange Membrane Fuel Cells,2020,11%100@30,0,0.00975,0,0,0,0,0.006655,0.031,0.0326,0,0.4396,0.01,0.3491,0.2112,0.137717122,Fe(NO3)3 ﹞9H2O,0.004153784,0,,,,6.34983165,ZnㄗNO 3ㄘ2 ﹞6H 2 O,0.191521763,26.66707317,0.804324453,60,24,0,none,0,1,0,0,,25,0,1100,1,5,0,0,25,0,25,0,0,1.02,615,0.1724,0.5948,0.2325,0.95,0.82,3.96108,900,0.6,
Single-Iron Site Catalysts with Self-Assembled Dual-size Architecture and Hierarchical Porosity for Proton-Exchange Membrane Fuel Cells,2020,33%100@30,0,0.007796,0,0,0,0,0.0078,0.0312,0.0327,0,0.4464,0.01,0.3589,0.1947,0.165012407,Fe(NO3)3 ﹞9H2O,0.004154481,0,,,,7.601683502,ZnㄗNO 3ㄘ2 ﹞6H 2 O,0.191385928,31.95243902,0.804459591,60,24,0,none,0,1,0,0,,25,0,1100,1,5,0,0,25,0,25,0,0,0.93,833,0.2067,0.4837,0.3095,0.95,0.842,4.18167,900,0.6,
Single-Iron Site Catalysts with Self-Assembled Dual-size Architecture and Hierarchical Porosity for Proton-Exchange Membrane Fuel Cells,2020,55%100@30,0,0.0078,0,0,0,0,0.0059,0.031,0.031,0,0.5206,0.01,0.3498,0.129,0.192307692,Fe(NO3)3 ﹞9H2O,0.004154981,0,,,,8.853535354,ZnㄗNO 3ㄘ2 ﹞6H 2 O,0.191288625,37.23780488,0.804556394,60,24,0,none,0,1,0,0,,25,0,1100,1,5,0,0,25,0,25,0,0,0.99,1157,0.2452,0.5572,0.1975,0.95,0.86,4.30983,900,0.6,
Single-Iron Site Catalysts with Self-Assembled Dual-size Architecture and Hierarchical Porosity for Proton-Exchange Membrane Fuel Cells,2020,77%100@30,0,0.0103,0,0,0,0,0.005726,0.0318,0.0364,0,0.4414,0.01,0.3364,0.2227,0.219602978,Fe(NO3)3 ﹞9H2O,0.004155357,0,,,,10.10538721,ZnㄗNO 3ㄘ2 ﹞6H 2 O,0.191215494,42.52317073,0.804629149,60,24,0,none,0,1,0,0,,25,0,1100,1,5,0,0,25,0,25,0,0,0.96,754,0.2571,0.4709,0.2785,0.95,0.838,3.85387,900,0.6,
Single-Iron Site Catalysts with Self-Assembled Dual-size Architecture and Hierarchical Porosity for Proton-Exchange Membrane Fuel Cells,2020,11%100@30,0,0.00975,0,0,0,0,0.006655,0.031,0.0326,0,0.4396,0.01,0.3491,0.2112,0.137717122,Fe(NO3)3 ﹞9H2O,0.004153784,0,,,,6.34983165,ZnㄗNO 3ㄘ2 ﹞6H 2 O,0.191521763,26.66707317,0.804324453,60,24,0,none,0,1,0,0,,25,0,1100,1,5,0,0,25,0,25,0,0,1.02,615,0.1724,0.5948,0.2325,0.95,0.796,3.63257,900,0.2,
Single-Iron Site Catalysts with Self-Assembled Dual-size Architecture and Hierarchical Porosity for Proton-Exchange Membrane Fuel Cells,2020,33%100@30,0,0.007796,0,0,0,0,0.0078,0.0312,0.0327,0,0.4464,0.01,0.3589,0.1947,0.165012407,Fe(NO3)3 ﹞9H2O,0.004154481,0,,,,7.601683502,ZnㄗNO 3ㄘ2 ﹞6H 2 O,0.191385928,31.95243902,0.804459591,60,24,0,none,0,1,0,0,,25,0,1100,1,5,0,0,25,0,25,0,0,0.93,833,0.2067,0.4837,0.3095,0.95,0.796,3.815,900,0.2,
Single-Iron Site Catalysts with Self-Assembled Dual-size Architecture and Hierarchical Porosity for Proton-Exchange Membrane Fuel Cells,2020,55%100@30,0,0.0078,0,0,0,0,0.0059,0.031,0.031,0,0.5206,0.01,0.3498,0.129,0.192307692,Fe(NO3)3 ﹞9H2O,0.004154981,0,,,,8.853535354,ZnㄗNO 3ㄘ2 ﹞6H 2 O,0.191288625,37.23780488,0.804556394,60,24,0,none,0,1,0,0,,25,0,1100,1,5,0,0,25,0,25,0,0,0.99,1157,0.2452,0.5572,0.1975,0.95,0.82,3.85484,900,0.2,
Single-Iron Site Catalysts with Self-Assembled Dual-size Architecture and Hierarchical Porosity for Proton-Exchange Membrane Fuel Cells,2020,77%100@30,0,0.0103,0,0,0,0,0.005726,0.0318,0.0364,0,0.4414,0.01,0.3364,0.2227,0.219602978,Fe(NO3)3 ﹞9H2O,0.004155357,0,,,,10.10538721,ZnㄗNO 3ㄘ2 ﹞6H 2 O,0.191215494,42.52317073,0.804629149,60,24,0,none,0,1,0,0,,25,0,1100,1,5,0,0,25,0,25,0,0,0.96,754,0.2571,0.4709,0.2785,0.95,0.767,3.5183,900,0.2,
Single-Iron Site Catalysts with Self-Assembled Dual-size Architecture and Hierarchical Porosity for Proton-Exchange Membrane Fuel Cells,2020,11%100@30,0,0.00975,0,0,0,0,0.006655,0.031,0.0326,0,0.4396,0.01,0.3491,0.2112,0.137717122,Fe(NO3)3 ﹞9H2O,0.004153784,0,,,,6.34983165,ZnㄗNO 3ㄘ2 ﹞6H 2 O,0.191521763,26.66707317,0.804324453,60,24,0,none,0,1,0,0,,25,0,1100,1,5,0,0,25,0,25,0,0,1.02,615,0.1724,0.5948,0.2325,0.95,0.846,3.80812,900,0.8,
Single-Iron Site Catalysts with Self-Assembled Dual-size Architecture and Hierarchical Porosity for Proton-Exchange Membrane Fuel Cells,2020,33%100@30,0,0.007796,0,0,0,0,0.0078,0.0312,0.0327,0,0.4464,0.01,0.3589,0.1947,0.165012407,Fe(NO3)3 ﹞9H2O,0.004154481,0,,,,7.601683502,ZnㄗNO 3ㄘ2 ﹞6H 2 O,0.191385928,31.95243902,0.804459591,60,24,0,none,0,1,0,0,,25,0,1100,1,5,0,0,25,0,25,0,0,0.93,833,0.2067,0.4837,0.3095,0.95,0.861,4.19719,900,0.8,
Single-Iron Site Catalysts with Self-Assembled Dual-size Architecture and Hierarchical Porosity for Proton-Exchange Membrane Fuel Cells,2020,55%100@30,0,0.0078,0,0,0,0,0.0059,0.031,0.031,0,0.5206,0.01,0.3498,0.129,0.192307692,Fe(NO3)3 ﹞9H2O,0.004154981,0,,,,8.853535354,ZnㄗNO 3ㄘ2 ﹞6H 2 O,0.191288625,37.23780488,0.804556394,60,24,0,none,0,1,0,0,,25,0,1100,1,5,0,0,25,0,25,0,0,0.99,1157,0.2452,0.5572,0.1975,0.95,0.878,4.67209,900,0.8,
Single-Iron Site Catalysts with Self-Assembled Dual-size Architecture and Hierarchical Porosity for Proton-Exchange Membrane Fuel Cells,2020,77%100@30,0,0.0103,0,0,0,0,0.005726,0.0318,0.0364,0,0.4414,0.01,0.3364,0.2227,0.219602978,Fe(NO3)3 ﹞9H2O,0.004155357,0,,,,10.10538721,ZnㄗNO 3ㄘ2 ﹞6H 2 O,0.191215494,42.52317073,0.804629149,60,24,0,none,0,1,0,0,,25,0,1100,1,5,0,0,25,0,25,0,0,0.96,754,0.2571,0.4709,0.2785,0.95,0.854,4.09563,900,0.8,
"3D flower-like ZnFe-ZIF derived hierarchical Fe, N-Codoped carbon architecture for enhanced oxygen reduction in both alkaline and acidic media, and zinc-air battery performance",2020,Fe-N-CNTs-12,0,0,0,0,0,0,0.0353,0.0869,0.0775,0,0.530153322,0.132197615,0.151618399,0.186030664,0.166906475,FeSO4﹞7H2O,0.009175248,0,,,,1.999652234,Zn SO4 7 H2O,0.109925669,16.02439024,0.880899083,35,24,0,none,0,1,0,0,,25,0,900,3,5,0,0,25,0,25,0,0,1.098,,,,,0.903,0.781,5.256,1600,0.5,
Atomically dispersed hierarchically ordered porous Fe每N每C electrocatalyst for high performance electrocatalytic oxygen reduction in Zn-Air battery,2020,3DOM Fe-N-C 800,0,0.0057,0,0,0,0,0.0159,,,0,0.385,0.227,0.269,0.117,5.375477074,ferrocene,0.046689027,0,,,,27.44107744,ZnㄗNO 3ㄘ2 ﹞6H 2 O,0.238341117,82.31707317,0.714969856,60,6,0,none,0,1,0,0,,25,0,800,1,,0,0,25,0,25,0,0,1.07,876,0.701742476,0.3,,0.851,0.728,6,1600,0.61115498,
Atomically dispersed hierarchically ordered porous Fe每N每C electrocatalyst for high performance electrocatalytic oxygen reduction in Zn-Air battery,2020,3DOM Fe-N-C 900,0,0.0057,0,0,0,0,0.0159,,,0,0.406,0.149,0.313,0.133,5.375477074,ferrocene,0.046689027,0,,,,27.44107744,ZnㄗNO 3ㄘ2 ﹞6H 2 O,0.238341117,82.31707317,0.714969856,60,6,0,none,0,1,0,0,,25,0,900,1,,0,0,25,0,25,0,0,1.04,876,0.701742476,0.3,,0.9,0.7951,6.58,1600,0.61115498,
Atomically dispersed hierarchically ordered porous Fe每N每C electrocatalyst for high performance electrocatalytic oxygen reduction in Zn-Air battery,2020,3DOM Fe-N-C 1000,0,0.0057,0,0,0,0,0.0159,,,0,0.3,0.142,0.343,0.184,5.375477074,ferrocene,0.046689027,0,,,,27.44107744,ZnㄗNO 3ㄘ2 ﹞6H 2 O,0.238341117,82.31707317,0.714969856,60,6,0,none,0,1,0,0,,25,0,1000,1,,0,0,25,0,25,0,0,1.01,876,0.701742476,0.3,,0.87,0.748,6.44,1600,0.61115498,
MOF-Derived Isolated Fe Atoms Implanted in N-Doped 3D Hierarchical Carbon as an Efficient ORR Electrocatalyst in Both Alkaline and Acidic Media,2019,Fe@NMC-0,0,0,0,0,0,0,0.02368659,0.1244,0.1193,0,0.4607,0.1921,0.3472,0.01,2,Fe(acac)3,0.052564103,0,,,,4,ZnㄗNO 3ㄘ2 ﹞6H 2 O,0.105128205,32.04878049,0.842307692,25,24,0,none,0,1,0,0,,25,0,900,3,3,0,0,25,0,25,0,0,1.17,705.1,0,1,0,0.8927,0.736,4.983,1600,0.203821656,
MOF-Derived Isolated Fe Atoms Implanted in N-Doped 3D Hierarchical Carbon as an Efficient ORR Electrocatalyst in Both Alkaline and Acidic Media,2019,Fe@NMC-0.5,0,0,0,0,0,0,0.033394509,0.1187,0.1161,0,0.4437,0.2005,0.3558,0.01,2,Fe(acac)3,0.051374476,0,,,,4,ZnㄗNO 3ㄘ2 ﹞6H 2 O,0.102748951,32.04878049,0.823244646,25,24,0.881057269,melamine,0.022631928,1,0,0,,25,0,900,3,3,0,0,25,0,25,0,0,1.12,765.9,0,0.625500462,0.374499538,0.914,0.77,5.07851,1600,0.203821656,
MOF-Derived Isolated Fe Atoms Implanted in N-Doped 3D Hierarchical Carbon as an Efficient ORR Electrocatalyst in Both Alkaline and Acidic Media,2019,Fe@NMC-1,0,0,0,0,0,0,0.03966095,0.1182,0.1127,0,0.4311,0.1906,0.3783,0.01,2,Fe(acac)3,0.050237504,0,,,,4,ZnㄗNO 3ㄘ2 ﹞6H 2 O,0.100475008,32.04878049,0.80502537,25,24,1.762114537,melamine,0.044262118,1,0,0,,25,0,900,3,3,0,0,25,0,25,0,0,1.04,793.3,0,0.731588811,0.268411189,0.92,0.78,5.3475,1600,0.203821656,
MOF-Derived Isolated Fe Atoms Implanted in N-Doped 3D Hierarchical Carbon as an Efficient ORR Electrocatalyst in Both Alkaline and Acidic Media,2019,Fe@NMC-2,0,0,0,0,0,0,0.049597471,0.1036,0.1134,0,0.4217,0.19,0.3883,0.01,2,Fe(acac)3,0.048108136,0,,,,4,ZnㄗNO 3ㄘ2 ﹞6H 2 O,0.096216272,32.04878049,0.770903546,25,24,3.524229075,melamine,0.084772046,1,0,0,,25,0,900,3,3,0,0,25,0,25,0,0,1.11,844.9,0,0.708261559,0.291738441,0.88,0.7521,5.48598,1600,0.203821656,
MOF-Derived Isolated Fe Atoms Implanted in N-Doped 3D Hierarchical Carbon as an Efficient ORR Electrocatalyst in Both Alkaline and Acidic Media,2019,Fe@NMC-4,0,0,0,0,0,0,0.071082048,0.0698,0.0621,0,0.4153,0.1734,0.4113,0.01,2,Fe(acac)3,0.044348613,0,,,,4,ZnㄗNO 3ㄘ2 ﹞6H 2 O,0.088697227,32.04878049,0.710659487,25,24,7.04845815,melamine,0.156294673,1,0,0,,25,0,900,3,3,0,0,25,0,25,0,0,1.05,274.9,0,0.497876788,0.502123212,0.845,0.689,3.13026,1600,0.203821656,
Engineering Fe每Fe3C@Fe每N每C Active Sites and Hybrid Structures from Dual Metal每Organic Frameworks for Oxygen Reduction Reaction in H2每O2 Fuel Cell and Li每O2 Battery,2019,0.5MIL/40ZIF坼1000,0,0.035,0,0,0,0,0.03,0.0686,0.0712,0,0.460641399,0.188046647,0.290087464,0.06122449,0.0625,Fe(NO3)3﹞9H2O,0.006173221,0,,,,5,ZnㄗNO 3ㄘ2 ﹞6H 2 O,0.493857646,5,0.493857646,80,24,0.061875,"1,3,5-benzenetricarboxylic acid",0.006111488,0,1,0,,800,,1000,10,10,1,1,25,18,25,0,0,0.45,1089,0.206,0.794,0,0.78,0.7,3.31,1600,0.5,
Engineering Fe每Fe3C@Fe每N每C Active Sites and Hybrid Structures from Dual Metal每Organic Frameworks for Oxygen Reduction Reaction in H2每O2 Fuel Cell and Li每O2 Battery,2019,1MIL/40ZIF坼1000,0,0.06,0,0,0,0,0.057,0.0647,0.0924,0,0.446625048,0.221197237,0.253739384,0.078438332,0.125,Fe(NO3)3﹞9H2O,0.012196609,0,,,,5,ZnㄗNO 3ㄘ2 ﹞6H 2 O,0.487864374,5,0.487864374,80,24,0.12375,"1,3,5-benzenetricarboxylic acid",0.012074643,0,1,0,,800,,1000,10,10,1,1,25,18,25,0,0,0.48,755,0.264,0.736,0,0.83,0.79,4.38,1600,0.5,
Engineering Fe每Fe3C@Fe每N每C Active Sites and Hybrid Structures from Dual Metal每Organic Frameworks for Oxygen Reduction Reaction in H2每O2 Fuel Cell and Li每O2 Battery,2019,2MIL/40ZIF坼1000,0,0.045,0,0,0,0,0.088,0.046,0.0803,0,0.432608696,0.254347826,0.217391304,0.095652174,0.25,Fe(NO3)3﹞9H2O,0.023815194,0,,,,5,ZnㄗNO 3ㄘ2 ﹞6H 2 O,0.476303882,5,0.476303882,80,24,0.2475,"1,3,5-benzenetricarboxylic acid",0.023577042,0,1,0,,800,,1000,10,10,1,1,25,18,25,0,0,0.5,829,0.255,0.745,0,0.83,0.79,4.06,1600,0.5,
MOF-derived 3D Fe-N-S co-doped carbon matrix/nanotube nanocomposites with advanced oxygen reduction activity and stability in both acidic and alkaline media,2019,6% Fe-N-S CNN,0,0,0,0,0,0,0.0362,0.0965,,0.0098,0.1716,0.409,0.4194,0.01,,ferrous sulfate,,0,,,,2,ZnㄗNO 3ㄘ2 ﹞6H 2 O,0.111111111,16,0.888888889,35,4,0,none,0,1,0,0,,25,0,900,3,5,0,0,25,0,25,0,0,1.05,974,0.075740944,0.875045737,0.049213319,0.91,0.78,6.05,1600,0.509295816,
Size-dependence of the electrochemical performance of Fe每N每C catalysts for the oxygen reduction reaction and cathodes of direct methanol fuel cells,2019,Fe-N-C-30,0,0,0,0,0,0,0.042007655,0.1151,,0,0.5435,0.2815,0.175,0.01,1.979282279,MIL-101ㄗFeㄘ,0.019385488,0,,,,20,ZnㄗNO 3ㄘ2 ﹞6H 2 O,0.195884019,80.12195122,0.784730492,25,24,0,NONE,0,1,0,0,,25,0,900,2,,1,1,25,12,25,0,0,,681,0.314,0.686,0,0.874,0.78,5.953,1600,0.5,
Size-dependence of the electrochemical performance of Fe每N每C catalysts for the oxygen reduction reaction and cathodes of direct methanol fuel cells,2019,Fe-N-C-60,0,0,0,0,0,0,0.042053028,0.109,,0,0.5238,0.2792,0.197,0.01,1.979282279,MIL-101ㄗFeㄘ,0.019385488,0,,,,20,ZnㄗNO 3ㄘ2 ﹞6H 2 O,0.195884019,80.12195122,0.784730492,25,24,0,NONE,0,1,0,0,,25,0,900,2,,1,1,25,12,25,0,0,,691,0.244,0.756,0,0.875,0.765,5.787,1600,0.5,
Size-dependence of the electrochemical performance of Fe每N每C catalysts for the oxygen reduction reaction and cathodes of direct methanol fuel cells,2019,Fe-N-C-120,0,0,0,0,0,0,0.043297874,0.1057,,0,0.5274,0.2889,0.1837,0.01,1.979282279,MIL-101ㄗFeㄘ,0.019385488,0,,,,20,ZnㄗNO 3ㄘ2 ﹞6H 2 O,0.195884019,80.12195122,0.784730492,25,24,0,NONE,0,1,0,0,,25,0,900,2,,1,1,25,12,25,0,0,,714,0.23,0.77,0,0.88,0.742,5.427,1600,0.5,
Size-dependence of the electrochemical performance of Fe每N每C catalysts for the oxygen reduction reaction and cathodes of direct methanol fuel cells,2019,Fe-N-C-400,0,0,0,0,0,0,0.039317912,0.1071,,0,0.5261,0.2787,0.1952,0.01,1.979282279,MIL-101ㄗFeㄘ,0.019385488,0,,,,20,ZnㄗNO 3ㄘ2 ﹞6H 2 O,0.195884019,80.12195122,0.784730492,25,24,0,NONE,0,1,0,0,,25,0,900,2,,1,1,25,12,25,0,0,,771,0.191,0.809,0,0.876,0.718,5.343,1600,0.5,
"Tunable and convenient synthesis of highly
dispersed Fe每Nx catalysts from graphenesupported Zn每Fe-ZIF for efficient oxygen
reduction in acidic media",2019,C-rGO-ZIF-1*,0,0,0,0,0,0,0.0272,0.0287,0.039,0,0.324,0.049,0.46,0.167,0.041,Fe(NO)3 ? 9H2O,0.004556737,0,,,,1.64,Zn(NO3)2 .6H2O,0.182269477,6.9,0.766865484,60,24,0.416666667,graphene oxide,0.046308302,1,0,0,,25,0,1100,1,,0,0,25,0,25,0,0,,465,0.453763441,0.546236559,0,0.87,0.7,5.7,1600,0.4,
Tunable and convenient synthesis of highly dispersed Fe每Nx catalysts from graphenesupported Zn每Fe-ZIF for efficient oxygen reduction in acidic media,2019,C-rGO-ZIF-2*,0,0,0,0,0,0,0.0429,0.0347,0.0295,0,0.348,0.052,0.471,0.129,0.041,Fe(NO)3 ? 9H2O,0.004355061,0,,,,1.64,Zn(NO3)2 .6H2O,0.174202457,6.9,0.732924973,60,24,0.833333333,graphene oxide,0.088517509,1,0,0,,25,0,1100,1,,0,0,25,0,25,0,0,,650,0.269230769,0.730769231,0,0.89,0.77,5.7,1600,0.4,
Tunable and convenient synthesis of highly dispersed Fe每Nx catalysts from graphenesupported Zn每Fe-ZIF for efficient oxygen reduction in acidic media,2019,C-rGO-ZIF-3*,0,0,0,0,0,0,0.0267,0.0334,0.0364,0,0.302,0.052,0.445,0.208,0.041,Fe(NO)3 ? 9H2O,0.004000911,0,,,,1.64,Zn(NO3)2 .6H2O,0.160036431,6.9,0.673324009,60,24,1.666666667,graphene oxide,0.162638649,1,0,0,,25,0,1100,1,,0,0,25,0,25,0,0,,493,0.626774848,0.373225152,0,0.88,0.735,5.55,1600,0.4,
Tunable and convenient synthesis of highly dispersed Fe每Nx catalysts from graphenesupported Zn每Fe-ZIF for efficient oxygen reduction in acidic media,2019,C-Zn-Fe-ZIF-3,0,0.0195,0,0,0,0,0.1331,0.0307,0.053,0,0.324666667,0.051,0.458666667,0.168,0.041,Fe(NO)3 ? 9H2O,0.004777998,0,,,,1.64,Zn(NO3)2 .6H2O,0.191119916,6.9,0.804102086,60,24,0,none,0,1,0,0,,25,0,1100,1,,0,0,25,0,25,0,0,,,,,,0.86,0.7,5,1600,0.4,
A ZIF-derived hierarchically porous Fe每Zn每N每C catalyst synthesized via a two-stage pyrolysis for the highly efficient oxygen reduction reaction in both acidic and alkaline media,2019,Fe-Zn-N-C-800-2,0,0.038446354,0,0,0,0,0.013822866,0.0794,0.0558,0,0.6129,0.0651531,0.2559937,0.0659532,0.4,Fe(acac)3,0.01980198,0,,,,4,Zn(NO3)2﹞6H2O,0.198019802,15.8,0.782178218,120,4,0,none,0,1,0,0,,25,0,800,2,1,1,1,80,7,900,2,1,1.02,1393,0.420616114,0.579383886,0,0.92,0.798,5.08811,1600,0.642,
A ZIF-derived hierarchically porous Fe每Zn每N每C catalyst synthesized via a two-stage pyrolysis for the highly efficient oxygen reduction reaction in both acidic and alkaline media,2019,Fe-Zn-N-C-900-2,0,0.030145998,0,0,0,0,0.031748023,0.0725,0.0567,0,0.6009,0.0756889,0.2747845,0.0486266,0.4,Fe(acac)3,0.01980198,0,,,,4,Zn(NO3)2﹞6H2O,0.198019802,15.8,0.782178218,120,4,0,none,0,1,0,0,,25,0,900,2,1,1,1,80,7,900,2,1,1.01,1393,0.3716916,0.6283084,0,0.92,0.82,5.33082,1600,0.642,
A ZIF-derived hierarchically porous Fe每Zn每N每C catalyst synthesized via a two-stage pyrolysis for the highly efficient oxygen reduction reaction in both acidic and alkaline media,2019,Fe-Zn-N-C-1000-2,0,0.025885863,0,0,0,0,0.025571195,0.0678,0.0543,0,0.3725,0.1037354,0.4338959,0.0898687,0.4,Fe(acac)3,0.01980198,0,,,,4,Zn(NO3)2﹞6H2O,0.198019802,15.8,0.782178218,120,4,0,none,0,1,0,0,,25,0,1000,2,1,1,1,80,7,900,2,1,0.99,1211,0.259332024,0.740667976,0,0.883,0.759,5.61176,1600,0.642,
A ZIF-derived hierarchically porous Fe每Zn每N每C catalyst synthesized via a two-stage pyrolysis for the highly efficient oxygen reduction reaction in both acidic and alkaline media,2019,Fe-Zn-N-C-900-1,0,0.007358253,0,0,0,0,0.017054415,0.0331,0.0339,0,0.6195,0.0597733,0.2520891,0.0686376,0.4,Fe(acac)3,0.01980198,0,,,,4,Zn(NO3)2﹞6H2O,0.198019802,15.8,0.782178218,120,4,0,none,0,1,0,0,,25,0,900,1,1,1,1,80,7,900,2,1,1.12,1257,0.440860215,0.559139785,0,0.886,0.784,5.89271,1600,0.642,
2D Single坼Atom Catalyst with Optimized Iron Sites Produced by Thermal Melting of Metal每Organic Frameworks for Oxygen Reduction Reaction,2020,Fe-N/GNs,0,0,0,0,0,0,0.0204,0.0443,0.0325,0,0.5185,0.2273,0.1857,0.0685,0.037128713,Fe(NO3)3 ﹞9H2O,0.001705674,0,,,,3.063973064,ZnㄗNO 3ㄘ2 ﹞6H 2 O,0.140757334,12,0.55127378,25,24,6.666666667,graphene oxide,0.306263211,1,0,0,,900,0.5,900,0.5,,1,1,80,6,25,0,0,,,,,,0.971,0.829,5.554,1600,0.2,
2D Single坼Atom Catalyst with Optimized Iron Sites Produced by Thermal Melting of Metal每Organic Frameworks for Oxygen Reduction Reaction,2020,FeNC/RGO,0,0.021937625,0,0,0,0,0.009366259,0.0339,0.0342,0,0.3217,0.1783,0.4498,0.0502,0.037128713,Fe(NO3)3 ﹞9H2O,0.001705674,0,,,,3.063973064,ZnㄗNO 3ㄘ2 ﹞6H 2 O,0.140757334,12,0.55127378,25,24,6.666666667,graphene oxide,0.306263211,1,0,0,,25,0,900,0.5,,1,1,80,6,25,0,0,,,,,,0.987,0.743,5.74,1600,0.2,
The ORR kinetics of ZIF-derived Fesingle bondNsingle bondC electrocatalysts,2019,5Fe-ZIF-8,0,0,0,0,0,0,0.0154,0.072,,0,0.445806068,0.01,0.429030339,0.125163593,5,FeSO4,0.024761679,0,,,,95,Zncl2,0.470471904,100,0.495233583,60,12,1.924916587,span tween,0.009532833,1,0,0,,25,0,1000,1,5,0,0,25,0,25,0,0,,497,0.7,0.295774648,0,0.885,0.76124,6.10348,1600,0.404040404,
The ORR kinetics of ZIF-derived Fesingle bondNsingle bondC electrocatalysts,2019,7.5Fe-ZIF-8,0,0,0,0,0,0,0.0185,0.0535,,0,0.41152019,0.01,0.423198733,0.165281077,7.5,FeSO4,0.037142519,0,,,,92.5,Zncl2,0.458091065,100,0.495233583,60,12,1.924916587,span tween,0.009532833,1,0,0,,25,0,1000,1,5,0,0,25,0,25,0,0,,626,0.520766773,0.479233227,0,0.885,0.77222,6.27082,1600,0.404040404,
The ORR kinetics of ZIF-derived Fesingle bondNsingle bondC electrocatalysts,2019,10Fe-ZIF-8,0,0,0,0,0,0,0.029,0.0245,,0,0.371589085,0.01,0.466406787,0.162004127,10,FeSO4,0.049523358,0,,,,90,Zncl2,0.445710225,100,0.495233583,60,12,1.924916587,span tween,0.009532833,1,0,0,,25,0,1000,1,5,0,0,25,0,25,0,0,,494,0.55465587,0.443319838,0,0.885,0.71574,5.75002,1600,0.404040404,
Fe and S co-doped N-enriched hierarchical porous carbon polyhedron as efficient non-noble-metal electrocatalyst toward oxygen reduction reaction in both alkaline and acidic medium,2019,Fe/S-NC,0,0,0,0,0,0,0.0085,0.0424,0.0343,0.0243,0.399690911,0.194629576,0.289771081,0.115908432,2,Fe(SCN)3,0.129032258,0,,,,1.5,Zn(CH3COO)2 2h2o,0.096774194,12,0.774193548,25,24,0,none,0,0,1,0,,25,0,1000,2,5,0,0,25,0,900,1,1,1.1,1650.55,0.377136752,0.445818071,0.177045177,0.86,0.76,4.29,1600,0.764331212,
Well-defined gradient Fe/Zn bimetal organic framework cylinders derived highly efficient iron- and nitrogen- codoped hierarchically porous carbon electrocatalysts towards oxygen reduction,2019,"Fe,N-HPCC-900",0,0.033729371,0,0,0,0,0.020204023,0.0674,0.0731,0,0.126610759,0.250051135,0.412354265,0.210983841,0.12,FeSO4﹞7H2O,0.0096,0,,,,2.38,Zn(NO3)2﹞6H2O,0.1904,10,0.8,130,24,0,none,0,1,0,0,,25,0,900,,5,0,0,25,0,25,0,0,1.156,640,0.424594547,0.575405453,0,0.90961,0.75958,5.51516,1600,0.788,2.75758
Well-defined gradient Fe/Zn bimetal organic framework cylinders derived highly efficient iron- and nitrogen- codoped hierarchically porous carbon electrocatalysts towards oxygen reduction,2019,"Fe,N-HPCC-1000",0,0,0,0,0,0,0.018196677,0.0421,0.0797,0,0.126610759,0.250051135,0.412354265,0.210983841,0.12,FeSO4﹞7H2O,0.0096,0,,,,2.38,Zn(NO3)2﹞6H2O,0.1904,10,0.8,130,24,0,none,0,1,0,0,,,,1000,,5,0,0,25,0,25,0,0,1.103,817,0.457022118,0.542977882,0,0.90478,0.76155,5.22328,1600,0.788,2.61164
Well-defined gradient Fe/Zn bimetal organic framework cylinders derived highly efficient iron- and nitrogen- codoped hierarchically porous carbon electrocatalysts towards oxygen reduction,2019,"Fe,N-HPCC-1100",0,0,0,0,0,0,0.013895895,0.032,0.0646,0,0.126610759,0.250051135,0.412354265,0.210983841,0.12,FeSO4﹞7H2O,0.0096,0,,,,2.38,Zn(NO3)2﹞6H2O,0.1904,10,0.8,130,24,0,none,0,1,0,0,,,,1100,,5,0,0,25,0,25,0,0,1.063,407,0.146017961,0.853982039,0,0.83173,0.68278,4.38737,1600,0.788,2.193685
"Fe, Cu-Coordinated ZIF-Derived Carbon Framework for Efficient Oxygen Reduction Reaction and Zinc每Air Batteries",2018,Cu@Fe-N-C,0,0.0049,0,0,0,0,0.00687,0.0968,,0,0.522641317,0.236123888,0.241234795,0.01,0.306930693,Fe(NO3)3﹞9H2O,0.017172477,0,,,,1.542087542,Zn(NO3)2﹞6H2O,0.086278314,16.02439024,0.89654921,35,4,0,none,0,1,0,0,,25,0,900,3,5,0,0,25,0,0,0,0,1.05,726,,,,0.88,0.761,5.046,1600,0.5,
"Well-elaborated, mechanochemically synthesized Fe-TPP?ZIF precursors (Fe-TPP = tetraphenylporphine iron) to atomically dispersed iron每nitrogen species for oxygen reduction reaction and Zn-air batteries",2018,Fe-N/C-1/30,0,0,0,0,0,0,0.038,0.0709,,0,0.561847988,0.154992548,0.283159463,0.01,0.033,Fe-TPP,0.008031933,0,,,,1,Zno,0.24339191,3,0.730175729,,,0.0756,(NH4)2SO4 ,0.018400428,1,0,0,,25,0,950,3,2,0,0,25,0,25,0,0,,1057.6,0.959364732,0.040635268,0,0.852,0.736,3.63,1600,0.407436656,
Fe每N-functionalized carbon electrocatalyst derived from a zeolitic imidazolate framework for oxygen reduction: Fe and NH3 treatment effects,2018,Fe 0.02 -N/C-900,0,0,0,0,0,0,0.010310748,0.0436,0.0673,0,0.543,0.171,0.232,0.054,0.280808081,Fe(acac)3,0.000964477,0,,,,14.04040404,Zn(NO3)2﹞6H2O,0.048223874,276.8292683,0.950811649,60,0.5,0,none,0,0,1,0,,900,0.5,900,1,5,1,1,80,1,900,0.5,1,0.9,2313.4,0.616,0.384,0,0.83,0.772,5.55101,1600,0.4,
Fe每N-functionalized carbon electrocatalyst derived from a zeolitic imidazolate framework for oxygen reduction: Fe and NH3 treatment effects,2018,Fe 0.04 -N/C-900,0,0,0,0,0,0,0.012078772,0.051,0.0657,0,0.586,0.115,0.234,0.065,0.561616162,Fe(acac)3,0.001927096,0,,,,14.04040404,Zn(NO3)2﹞6H2O,0.048177408,276.8292683,0.949895496,60,0.5,0,none,0,0,1,0,,900,0.5,900,1,5,1,1,80,1,900,0.5,1,0.98,1498.5,0.555,0.445,0,0.832,0.77,6.4926,1600,0.4,
Fe每N-functionalized carbon electrocatalyst derived from a zeolitic imidazolate framework for oxygen reduction: Fe and NH3 treatment effects,2018,Fe 0.06 -N/C-900,0,0,0,0,0,0,0.016511328,0.0712,0.0524,0,0.651,0.105,0.201,0.053,0.842424242,Fe(acac)3,0.002887862,0,,,,14.04040404,Zn(NO3)2﹞6H2O,0.048131031,276.8292683,0.948981107,60,0.5,0,none,0,0,1,0,,900,0.5,900,1,5,1,1,80,1,900,0.5,1,1.02,1288.7,0.641,0.359,0,0.842,0.777,6.41644,1600,0.4,
Fe每N-functionalized carbon electrocatalyst derived from a zeolitic imidazolate framework for oxygen reduction: Fe and NH3 treatment effects,2018,Fe 0.08 -N/C-900,0,0,0,0,0,0,0.013417898,0.0594,0.0589,0,0.528,0.143,0.272,0.057,1.123232323,Fe(acac)3,0.00384678,0,,,,14.04040404,Zn(NO3)2﹞6H2O,0.048084744,276.8292683,0.948068477,60,0.5,0,none,0,0,1,0,,900,0.5,900,1,5,1,1,80,1,900,0.5,1,0.91,1186.4,0.751,0.249,0,0.835,0.773,5.83314,1600,0.4,
Correlating Fe source with Fe-N-C active site construction: Guidance for rational design of high-performance ORR catalyst,2018,Czif-Fe(acac)3-6,0,0,0,0,0,0,0.03737,0.0248,,0,0.666540643,0.192060491,0.141398866,0.01,3.737,Fe(acac)3,0.157433543,0,,,,4,Zn(NO3)3,0.168513291,16,0.674053166,25,24,0,none,0,1,0,0,,25,0,950,1,5,1,1,25,0,25,0,0,,1217,0.698356511,0.301643489,0,0.9,0.805,5.14,1600,0.6,
Correlating Fe source with Fe-N-C active site construction: Guidance for rational design of high-performance ORR catalyst,2018,Czif-FeCl3-3,0,0,0,0,0,0,0.03179,0.0199,,0,0.489669421,0.283057851,0.227272727,0.01,0.233,FeCl3,0.01151584,0,,,,4,Zn(NO3)3,0.197696832,16,0.790787328,25,24,0,none,0,1,0,0,,25,0,950,1,5,1,1,25,0,25,0,0,,1003,0.709735577,0.290264423,0,0.9,0.797,5.14,1600,0.6,
Correlating Fe source with Fe-N-C active site construction: Guidance for rational design of high-performance ORR catalyst,2018,Czif-Fe(NO3)3-3,0,0,0,0,0,0,0.03759,0.0152,,0,0.306024096,0.569477912,0.124497992,0.01,0.312,Fe(NO3)3,0.015360378,0,,,,4,Zn(NO3)3,0.196927924,16,0.787711698,25,24,0,none,0,1,0,0,,25,0,950,1,5,1,1,25,0,25,0,0,,912,0.75501047,0.24498953,0,0.9,0.793,5.14,1600,0.6,
In situ derived Fe/N/S-codoped carbon nanotubes from ZIF-8 crystals as efficient electrocatalysts for the oxygen reduction reaction and zinc每air batteries,2018,Fe/N/S-C,0,0,0,0,0,0,0.0159,0.0301,,0.00808,0.167217449,0.124586913,0.708195638,0.01,0.33,FeSO4﹞7H2O,0.009083402,0,,,,4,Zn(NO3)2﹞6H2O,0.110101844,32,0.880814754,35,6,0,none,0,1,0,0,,25,0,900,3,5,1,0.5,25,24,25,0,0,1.04,498,0.325033422,0.622159091,0.052807487,0.838,0.693,5.86,1600,,
In situ derived Fe/N/S-codoped carbon nanotubes from ZIF-8 crystals as efficient electrocatalysts for the oxygen reduction reaction and zinc每air batteries,2018,Fe/N/S-CNTs,0,0,0,0,0,0,0.0143,0.0621,,0.01051,0.29851842,0.226174586,0.475306994,0.01,0.33,FeSO4﹞7H2O,0.008991562,0,,,,4,Zn(NO3)2﹞6H2O,0.108988634,32,0.871909072,35,6,0.37107471,Hydrazine hydrate,0.010110731,1,0,0,,25,0,900,3,5,1,0.5,25,24,25,0,1,1,611,0.061011153,0.827692069,0.111296778,0.89,0.767,5.72,1600,,
ZIF-derived carbons as highly efficient and stable ORR catalyst,2018,ZIF-C,0,0,0,0,0.075919004,0,0,0.0381,0.0592,0,0.19625545,0.356604258,0.239292126,0.207848166,10,CoㄗNO?3ㄘ2,0.142857143,0,,,,0,none,0,60,0.857142857,25,12,0,none,0,1,0,0,,25,0,900,3,2,1,1,80,48,25,0,0,,260.52,0.545294027,0.454705973,0,0.74743,0.5975,4.38071,1600,0.51,
ZIF-derived carbons as highly efficient and stable ORR catalyst,2018,ZIF-C-KOH,0,0,0,0,0.011644455,0,0,0.0038,0.6809,0,0.398386596,0.01,0.115834109,0.485779295,10,CoㄗNO?3ㄘ2,0.141176471,0,,,,0,none,0,60,0.847058824,25,12,0.833333333,rGO,0.011764706,1,0,0,,25,0,900,3,2,1,1,80,48,800,3,0,,342.37,0.915676023,0.084323977,0,0.74885,0.64094,5.43881,1600,0.51,
ZIF-derived carbons as highly efficient and stable ORR catalyst,2018,ZIF-C/rGO,0,0,0,0,0.033558516,0,0,0.0536,0.0517,0,0.174012952,0.51859202,0.092646752,0.214748277,10,CoㄗNO?3ㄘ2,0.142857143,0,,,,0,none,0,60,0.857142857,25,12,0,none,0,1,0,0,,25,0,900,3,2,1,1,80,48,25,0,0,,234.3,0.664874093,0.335125907,0,0.82921,0.72102,5.57442,1600,0.51,
ZIF-derived carbons as highly efficient and stable ORR catalyst,2018,ZIF-C/rGO-KOH,0,0,0,0,0.031405117,0,0,0.0374,0.2766,0,0.278241572,0.309309944,0.143717637,0.268730846,10,CoㄗNO?3ㄘ2,0.141176471,0,,,,0,none,0,60,0.847058824,25,12,0.833333333,rGO,0.011764706,1,0,0,,25,0,900,3,2,1,1,80,48,800,3,0,,418.75,0.80119403,0.19880597,0,0.75822,0.59295,5.89381,1600,0.51,
3D interconnected hierarchical porous N-doped carbon constructed by flake-like nanostructure with Fe/Fe3C for efficient oxygen reduction reaction and supercapacitor,2018,Fe-CZIF-800-10,0,0,0,0,0,0,0.0613,0.1378,0.0421,0,0.7927,0.1098,0.0791,0.0184,0.223,potassium ferricyanide,0.017084195,0,,,,2.23,Zn(NO3)2﹞6H2O,0.170841952,10.6,0.812073853,25,24,0,none,0,0,1,0,,25,0,800,3,,1,1,25,,25,0,0,0.993,835,0.235040099,0.764959901,0,0.847,0.708,3.465,1600,0.22,
